data,canal,investimento,impressoes,cliques,conversoes,receita
2025-01-01,Google Ads,844.95,22276,929,58,13219.17
2025-01-01,Instagram,674.72,27050,362,8,1467.16
2025-01-01,Facebook,508.18,28830,346,6,1065.9
2025-01-01,LinkedIn,340.78,4503,34,1,443.79
2025-01-01,TikTok,328.43,27390,438,3,407.1
2025-01-01,E-mail,60.21,11793,387,19,2983.07
2025-01-02,Google Ads,793.01,23768,1602,99,22945.81
2025-01-02,Instagram,755.12,31414,492,8,1265.68
2025-01-02,Facebook,404.49,24663,269,5,848.69
2025-01-02,LinkedIn,332.46,3264,24,0,0.0
2025-01-02,TikTok,293.23,25847,446,3,378.43
2025-01-02,E-mail,102.27,15373,484,22,4636.83
2025-01-03,Google Ads,939.89,23667,1073,54,11236.02
2025-01-03,Instagram,561.49,28695,453,7,1222.11
2025-01-03,Facebook,483.12,23735,202,3,491.82
2025-01-03,LinkedIn,313.53,3358,30,1,414.68
2025-01-03,TikTok,253.38,22626,368,3,465.51
2025-01-03,E-mail,70.1,8324,218,10,1905.12
2025-01-04,Google Ads,735.89,16616,715,26,5744.27
2025-01-04,Instagram,656.8,27982,356,8,1446.14
2025-01-04,Facebook,515.15,29134,317,5,787.92
2025-01-04,LinkedIn,376.32,4779,32,0,0.0
2025-01-04,TikTok,334.08,30829,475,4,562.36
2025-01-04,E-mail,101.73,19341,570,25,4772.19
2025-01-05,Google Ads,919.84,22155,1109,57,11916.31
2025-01-05,Instagram,566.53,25911,280,5,849.32
2025-01-05,Facebook,521.52,34420,404,10,1809.69
2025-01-05,LinkedIn,467.5,5834,42,1,448.09
2025-01-05,TikTok,349.81,29792,462,4,604.28
2025-01-05,E-mail,66.8,11897,379,11,1916.37
2025-01-06,Google Ads,810.54,22534,969,47,8431.3
2025-01-06,Instagram,944.22,43224,641,12,2019.03
2025-01-06,Facebook,643.45,28895,328,4,652.46
2025-01-06,LinkedIn,361.71,3432,27,0,0.0
2025-01-06,TikTok,345.26,24860,470,4,507.65
2025-01-06,E-mail,72.89,12049,418,28,5716.68
2025-01-07,Google Ads,1046.88,32278,1495,98,22210.76
2025-01-07,Instagram,715.12,33644,368,8,1217.7
2025-01-07,Facebook,378.1,21410,204,4,689.41
2025-01-07,LinkedIn,410.98,3935,34,1,438.53
2025-01-07,TikTok,287.19,23505,425,5,598.18
2025-01-07,E-mail,73.45,11031,304,9,1686.37
2025-01-08,Google Ads,985.47,23897,1063,50,11607.87
2025-01-08,Instagram,635.78,27236,342,5,947.63
2025-01-08,Facebook,489.87,27363,347,8,1136.11
2025-01-08,LinkedIn,438.87,4723,35,1,347.49
2025-01-08,TikTok,426.79,37397,536,4,431.44
2025-01-08,E-mail,76.23,12092,305,15,3213.89
2025-01-09,Google Ads,896.31,22866,1082,53,9925.53
2025-01-09,Instagram,631.47,27852,401,8,1470.29
2025-01-09,Facebook,385.64,22849,251,7,1143.87
2025-01-09,LinkedIn,419.41,5663,46,1,378.55
2025-01-09,TikTok,430.23,31697,533,4,510.15
2025-01-09,E-mail,62.91,11893,344,11,2351.81
2025-01-10,Google Ads,831.94,22625,1120,61,9996.11
2025-01-10,Instagram,773.01,34783,467,10,1510.19
2025-01-10,Facebook,514.41,24679,262,5,941.29
2025-01-10,LinkedIn,350.82,4228,37,1,373.43
2025-01-10,TikTok,274.2,23470,342,4,484.66
2025-01-10,E-mail,69.19,11801,324,14,2922.27
2025-01-11,Google Ads,915.83,24392,1124,37,8074.46
2025-01-11,Instagram,716.79,35490,532,11,2184.41
2025-01-11,Facebook,478.05,27214,288,6,981.6
2025-01-11,LinkedIn,498.85,6310,55,2,710.71
2025-01-11,TikTok,275.38,22210,357,3,325.96
2025-01-11,E-mail,93.82,19004,657,36,6994.67
2025-01-12,Google Ads,786.2,20839,1174,54,10824.08
2025-01-12,Instagram,816.27,41457,521,10,1709.66
2025-01-12,Facebook,505.23,31165,309,7,1202.1
2025-01-12,LinkedIn,539.57,5860,46,1,405.84
2025-01-12,TikTok,255.75,20799,322,2,258.1
2025-01-12,E-mail,55.19,8879,274,12,2186.28
2025-01-13,Google Ads,888.45,21547,970,49,9363.64
2025-01-13,Instagram,728.11,33961,465,15,2662.01
2025-01-13,Facebook,479.06,25490,247,5,791.67
2025-01-13,LinkedIn,365.92,3644,25,0,0.0
2025-01-13,TikTok,395.85,33637,638,7,957.68
2025-01-13,E-mail,102.59,16932,511,22,4825.3
2025-01-14,Google Ads,900.34,22157,1067,44,9732.93
2025-01-14,Instagram,743.45,33153,495,7,1280.53
2025-01-14,Facebook,465.29,33248,372,6,879.41
2025-01-14,LinkedIn,478.32,4858,35,1,447.29
2025-01-14,TikTok,383.28,32003,521,5,671.87
2025-01-14,E-mail,85.1,15735,475,17,3183.39
2025-01-15,Google Ads,1001.76,21652,766,45,10886.52
2025-01-15,Instagram,567.15,26038,347,7,1298.5
2025-01-15,Facebook,403.03,19911,211,4,603.44
2025-01-15,LinkedIn,447.38,4512,34,1,414.59
2025-01-15,TikTok,393.97,29766,396,3,392.35
2025-01-15,E-mail,65.11,9345,286,10,1624.02
2025-01-16,Google Ads,1030.32,25400,1300,65,14052.35
2025-01-16,Instagram,677.79,22628,273,5,932.83
2025-01-16,Facebook,365.77,20211,192,4,678.68
2025-01-16,LinkedIn,444.61,5179,43,1,405.29
2025-01-16,TikTok,498.21,36457,546,6,838.71
2025-01-16,E-mail,85.85,15274,343,20,3722.52
2025-01-17,Google Ads,1068.2,22394,1038,46,10212.67
2025-01-17,Instagram,733.29,34551,422,9,1590.81
2025-01-17,Facebook,537.15,32793,367,5,859.14
2025-01-17,LinkedIn,556.66,6824,35,1,459.15
2025-01-17,TikTok,340.43,27063,419,4,460.28
2025-01-17,E-mail,94.26,15622,416,22,3534.14
2025-01-18,Google Ads,825.05,20470,1158,49,8072.54
2025-01-18,Instagram,638.91,30364,465,14,2874.54
2025-01-18,Facebook,514.09,26014,341,6,952.87
2025-01-18,LinkedIn,374.98,3452,26,0,0.0
2025-01-18,TikTok,329.63,23987,309,3,392.83
2025-01-18,E-mail,73.35,11653,365,21,3678.72
2025-01-19,Google Ads,912.0,26299,1073,53,11087.71
2025-01-19,Instagram,562.31,25990,365,8,1269.09
2025-01-19,Facebook,500.75,31663,435,10,1499.9
2025-01-19,LinkedIn,427.06,4278,35,0,0.0
2025-01-19,TikTok,331.91,29658,490,5,664.06
2025-01-19,E-mail,84.85,14891,432,19,4239.32
2025-01-20,Google Ads,919.17,24291,1106,52,10444.59
2025-01-20,Instagram,721.91,31154,428,7,1273.61
2025-01-20,Facebook,543.81,29571,246,5,860.22
2025-01-20,LinkedIn,340.41,3860,25,0,0.0
2025-01-20,TikTok,230.88,19583,298,2,240.82
2025-01-20,E-mail,78.47,12444,290,16,2965.72
2025-01-21,Google Ads,801.19,18704,919,34,7235.67
2025-01-21,Instagram,638.72,27507,334,6,1080.95
2025-01-21,Facebook,517.65,26499,288,6,850.41
2025-01-21,LinkedIn,399.62,3806,26,0,0.0
2025-01-21,TikTok,286.12,27000,479,2,221.66
2025-01-21,E-mail,87.12,14106,499,25,4892.25
2025-01-22,Google Ads,762.05,21039,801,50,10943.25
2025-01-22,Instagram,613.39,30125,535,11,2088.98
2025-01-22,Facebook,467.61,26200,236,4,682.96
2025-01-22,LinkedIn,507.94,4386,33,1,409.85
2025-01-22,TikTok,341.0,26049,370,2,243.64
2025-01-22,E-mail,68.13,11488,312,12,2176.9
2025-01-23,Google Ads,893.5,22270,874,44,10226.35
2025-01-23,Instagram,713.49,30453,420,5,887.45
2025-01-23,Facebook,469.97,23672,236,4,747.49
2025-01-23,LinkedIn,465.52,4445,33,0,0.0
2025-01-23,TikTok,357.64,30079,512,4,590.92
2025-01-23,E-mail,79.98,12188,355,19,3456.52
2025-01-24,Google Ads,1028.19,25365,1036,58,11115.5
2025-01-24,Instagram,786.37,37000,463,10,1701.22
2025-01-24,Facebook,526.17,34750,365,8,1363.32
2025-01-24,LinkedIn,401.44,4155,29,0,0.0
2025-01-24,TikTok,302.5,27764,449,4,589.68
2025-01-24,E-mail,57.97,10890,292,13,2324.75
2025-01-25,Google Ads,775.39,23086,1270,60,13022.7
2025-01-25,Instagram,705.98,37643,393,9,1502.21
2025-01-25,Facebook,323.3,17313,232,4,733.77
2025-01-25,LinkedIn,471.92,4961,40,0,0.0
2025-01-25,TikTok,397.62,33335,556,5,792.48
2025-01-25,E-mail,74.83,14474,441,26,4334.86
2025-01-26,Google Ads,924.93,23381,1069,66,14385.03
2025-01-26,Instagram,828.14,35119,443,9,1613.74
2025-01-26,Facebook,486.06,24414,307,5,971.22
2025-01-26,LinkedIn,400.76,4492,38,0,0.0
2025-01-26,TikTok,451.24,38549,683,7,937.94
2025-01-26,E-mail,82.24,14456,473,15,2920.48
2025-01-27,Google Ads,875.15,22128,1150,49,8854.78
2025-01-27,Instagram,783.55,30557,328,8,1462.86
2025-01-27,Facebook,535.45,28431,260,3,496.12
2025-01-27,LinkedIn,323.66,3511,26,0,0.0
2025-01-27,TikTok,370.31,32400,497,5,665.34
2025-01-27,E-mail,50.85,9023,275,13,2152.15
2025-01-28,Google Ads,857.37,20099,985,35,6667.44
2025-01-28,Instagram,756.1,32205,400,10,1970.59
2025-01-28,Facebook,554.16,33399,357,6,953.9
2025-01-28,LinkedIn,410.06,4088,31,1,469.75
2025-01-28,TikTok,370.91,36455,533,3,417.87
2025-01-28,E-mail,70.74,11466,270,9,1453.12
2025-01-29,Google Ads,841.37,21267,967,60,13452.9
2025-01-29,Instagram,529.67,25539,362,7,1257.14
2025-01-29,Facebook,515.34,26649,286,7,1106.24
2025-01-29,LinkedIn,338.21,3538,24,0,0.0
2025-01-29,TikTok,426.05,35367,578,3,407.09
2025-01-29,E-mail,81.12,12621,386,17,2887.79
2025-01-30,Google Ads,944.8,27839,1218,50,10313.54
2025-01-30,Instagram,789.73,31494,471,8,1474.86
2025-01-30,Facebook,457.68,23984,312,4,713.0
2025-01-30,LinkedIn,503.88,5667,38,0,0.0
2025-01-30,TikTok,358.29,30532,413,3,358.35
2025-01-30,E-mail,77.83,15546,414,14,2358.58
2025-01-31,Google Ads,985.8,25834,1037,48,9282.16
2025-01-31,Instagram,731.07,42150,629,13,2184.4
2025-01-31,Facebook,399.24,23807,283,5,953.13
2025-01-31,LinkedIn,401.27,4551,37,1,379.89
2025-01-31,TikTok,342.36,30932,464,5,579.62
2025-01-31,E-mail,89.36,15359,394,16,3323.16
2025-02-01,Google Ads,730.03,17153,765,54,10577.3
2025-02-01,Instagram,752.0,35071,456,10,1719.39
2025-02-01,Facebook,473.16,21919,240,5,854.88
2025-02-01,LinkedIn,465.43,5183,41,1,399.58
2025-02-01,TikTok,272.8,22126,360,4,547.47
2025-02-01,E-mail,69.62,9933,290,15,2787.12
2025-02-02,Google Ads,973.17,25145,1228,41,9991.2
2025-02-02,Instagram,583.19,28612,387,8,1405.28
2025-02-02,Facebook,519.17,30162,373,9,1580.77
2025-02-02,LinkedIn,502.82,5342,48,1,396.93
2025-02-02,TikTok,359.51,31467,501,5,706.25
2025-02-02,E-mail,79.72,9375,337,14,2441.01
2025-02-03,Google Ads,748.25,19028,798,34,6652.96
2025-02-03,Instagram,755.62,41320,635,17,2944.51
2025-02-03,Facebook,507.85,29417,297,5,922.64
2025-02-03,LinkedIn,465.42,4932,33,0,0.0
2025-02-03,TikTok,353.95,30249,468,4,541.68
2025-02-03,E-mail,83.08,12183,354,17,3739.92
2025-02-04,Google Ads,863.29,23969,1192,57,13344.64
2025-02-04,Instagram,826.23,42739,631,20,3378.5
2025-02-04,Facebook,659.31,39442,503,9,1659.2
2025-02-04,LinkedIn,485.62,4555,35,0,0.0
2025-02-04,TikTok,307.16,25039,541,7,779.01
2025-02-04,E-mail,86.67,15598,448,20,3904.87
2025-02-05,Google Ads,718.21,16950,778,39,7609.69
2025-02-05,Instagram,616.59,27775,430,9,1882.88
2025-02-05,Facebook,447.81,25358,267,5,783.57
2025-02-05,LinkedIn,515.64,4510,43,1,443.2
2025-02-05,TikTok,420.06,38007,554,6,925.66
2025-02-05,E-mail,69.35,14007,439,18,3114.5
2025-02-06,Google Ads,869.86,18415,787,37,6935.18
2025-02-06,Instagram,778.52,34613,447,9,1677.53
2025-02-06,Facebook,505.49,26114,291,5,753.15
2025-02-06,LinkedIn,382.69,4261,36,1,448.42
2025-02-06,TikTok,298.55,22518,349,4,528.49
2025-02-06,E-mail,76.7,14756,427,27,4867.71
2025-02-07,Google Ads,763.42,19755,862,36,9527.09
2025-02-07,Instagram,733.46,34886,461,8,1587.68
2025-02-07,Facebook,374.31,18418,196,4,654.53
2025-02-07,LinkedIn,424.97,4485,41,0,0.0
2025-02-07,TikTok,339.56,30913,445,4,514.67
2025-02-07,E-mail,67.97,9877,275,12,2107.42
2025-02-08,Google Ads,855.44,18266,785,47,10566.01
2025-02-08,Instagram,690.87,32168,405,11,2389.42
2025-02-08,Facebook,512.36,35838,362,5,789.68
2025-02-08,LinkedIn,386.83,5013,38,0,0.0
2025-02-08,TikTok,409.85,37560,565,3,345.98
2025-02-08,E-mail,100.65,17931,542,33,7497.87
2025-02-09,Google Ads,895.15,23515,984,46,8224.21
2025-02-09,Instagram,543.51,20449,323,4,860.4
2025-02-09,Facebook,445.22,29031,305,4,767.3
2025-02-09,LinkedIn,484.11,4634,35,0,0.0
2025-02-09,TikTok,355.66,28596,357,3,417.44
2025-02-09,E-mail,77.49,12492,332,13,2818.01
2025-02-10,Google Ads,746.13,21050,952,49,9536.41
2025-02-10,Instagram,663.06,30122,395,9,1694.11
2025-02-10,Facebook,662.95,37855,320,7,1165.74
2025-02-10,LinkedIn,520.72,6287,47,1,395.05
2025-02-10,TikTok,350.14,31150,564,6,785.85
2025-02-10,E-mail,109.8,17632,426,13,2834.08
2025-02-11,Google Ads,889.65,23784,1000,45,8706.19
2025-02-11,Instagram,749.47,33735,496,11,1895.68
2025-02-11,Facebook,390.6,18345,275,7,1349.48
2025-02-11,LinkedIn,359.52,3788,27,0,0.0
2025-02-11,TikTok,419.62,37908,535,5,698.69
2025-02-11,E-mail,73.15,12288,386,18,3506.92
2025-02-12,Google Ads,811.75,20184,784,26,5397.35
2025-02-12,Instagram,785.71,30784,445,11,1616.33
2025-02-12,Facebook,479.71,31037,364,4,724.77
2025-02-12,LinkedIn,355.14,3996,29,0,0.0
2025-02-12,TikTok,350.17,27525,428,3,409.14
2025-02-12,E-mail,82.1,11471,385,16,3089.18
2025-02-13,Google Ads,1003.22,27266,1398,65,15062.0
2025-02-13,Instagram,712.91,34049,499,13,2508.81
2025-02-13,Facebook,466.78,24269,265,4,608.45
2025-02-13,LinkedIn,272.32,2422,23,0,0.0
2025-02-13,TikTok,371.17,30776,403,4,618.39
2025-02-13,E-mail,98.69,16899,437,15,2607.01
2025-02-14,Google Ads,1072.55,32830,1512,71,17219.13
2025-02-14,Instagram,597.25,27288,403,7,1179.87
2025-02-14,Facebook,446.47,28317,383,7,1158.08
2025-02-14,LinkedIn,364.01,3832,28,0,0.0
2025-02-14,TikTok,328.72,26874,420,3,372.78
2025-02-14,E-mail,89.15,12226,436,20,4031.81
2025-02-15,Google Ads,997.89,24400,977,38,7782.84
2025-02-15,Instagram,773.42,33103,497,5,865.3
2025-02-15,Facebook,587.54,32082,317,5,592.62
2025-02-15,LinkedIn,339.29,3949,29,0,0.0
2025-02-15,TikTok,264.38,24653,423,3,365.41
2025-02-15,E-mail,79.65,11687,266,11,2209.68
2025-02-16,Google Ads,979.9,28043,1026,51,10422.49
2025-02-16,Instagram,690.84,30736,396,3,602.74
2025-02-16,Facebook,524.75,24825,288,5,814.39
2025-02-16,LinkedIn,353.9,3925,28,0,0.0
2025-02-16,TikTok,340.61,27965,484,4,495.66
2025-02-16,E-mail,83.67,11795,363,13,2681.3
2025-02-17,Google Ads,973.8,26688,969,47,8708.04
2025-02-17,Instagram,696.13,24316,277,7,1306.5
2025-02-17,Facebook,473.46,23913,228,4,656.63
2025-02-17,LinkedIn,492.8,5091,41,0,0.0
2025-02-17,TikTok,359.29,28824,434,4,598.77
2025-02-17,E-mail,81.74,15182,489,26,4638.8
2025-02-18,Google Ads,872.06,22483,1078,62,13182.82
2025-02-18,Instagram,792.05,33974,526,13,2498.53
2025-02-18,Facebook,510.06,30358,298,6,1050.65
2025-02-18,LinkedIn,320.23,3530,24,0,0.0
2025-02-18,TikTok,311.64,26184,422,3,412.15
2025-02-18,E-mail,70.83,14505,429,14,2398.17
2025-02-19,Google Ads,1054.92,26625,1002,58,11673.83
2025-02-19,Instagram,768.61,38205,552,17,2532.23
2025-02-19,Facebook,438.65,23745,332,9,1727.17
2025-02-19,LinkedIn,352.35,3457,24,0,0.0
2025-02-19,TikTok,337.2,27786,485,3,392.05
2025-02-19,E-mail,66.84,10811,301,11,2137.15
2025-02-20,Google Ads,929.86,23932,1124,46,10318.41
2025-02-20,Instagram,678.35,29342,371,7,1495.7
2025-02-20,Facebook,495.25,24365,297,5,874.12
2025-02-20,LinkedIn,363.66,4318,32,1,375.93
2025-02-20,TikTok,334.62,31789,518,7,885.51
2025-02-20,E-mail,83.08,16485,404,12,2098.62
2025-02-21,Google Ads,1009.81,22295,1075,59,14885.83
2025-02-21,Instagram,809.78,38147,621,15,2575.78
2025-02-21,Facebook,414.15,21698,237,4,534.81
2025-02-21,LinkedIn,386.83,4083,34,1,427.8
2025-02-21,TikTok,302.25,20608,356,2,282.54
2025-02-21,E-mail,96.77,13637,436,24,5024.68
2025-02-22,Google Ads,616.99,14850,565,31,6779.08
2025-02-22,Instagram,416.72,18372,281,6,1095.8
2025-02-22,Facebook,472.63,23476,257,5,902.3
2025-02-22,LinkedIn,441.79,4690,42,1,359.35
2025-02-22,TikTok,375.05,31648,536,4,613.12
2025-02-22,E-mail,88.53,14329,381,20,3381.33
2025-02-23,Google Ads,1205.28,29773,1616,77,18726.07
2025-02-23,Instagram,622.84,28364,435,10,1998.14
2025-02-23,Facebook,463.44,25964,328,5,898.67
2025-02-23,LinkedIn,386.85,4155,33,0,0.0
2025-02-23,TikTok,357.61,29494,560,6,802.62
2025-02-23,E-mail,70.84,10834,402,14,2690.29
2025-02-24,Google Ads,948.73,24189,957,40,7940.94
2025-02-24,Instagram,625.5,32206,450,8,1455.4
2025-02-24,Facebook,550.1,29507,359,5,949.56
2025-02-24,LinkedIn,399.46,4184,30,0,0.0
2025-02-24,TikTok,309.95,27347,387,2,236.36
2025-02-24,E-mail,75.38,12129,358,19,4060.98
2025-02-25,Google Ads,1170.74,25802,1041,59,11827.46
2025-02-25,Instagram,790.38,36670,610,16,3185.57
2025-02-25,Facebook,469.11,25807,273,3,585.06
2025-02-25,LinkedIn,444.72,4519,41,1,342.8
2025-02-25,TikTok,402.89,29281,457,4,540.04
2025-02-25,E-mail,90.18,15903,508,19,3716.22
2025-02-26,Google Ads,696.75,21199,793,36,6562.93
2025-02-26,Instagram,623.33,28371,371,10,1840.84
2025-02-26,Facebook,465.28,25503,321,7,1054.49
2025-02-26,LinkedIn,359.16,3960,33,0,0.0
2025-02-26,TikTok,303.23,28563,486,3,369.37
2025-02-26,E-mail,73.44,12436,363,12,1962.11
2025-02-27,Google Ads,974.12,26368,1201,63,12411.17
2025-02-27,Instagram,719.32,40996,654,13,2217.53
2025-02-27,Facebook,285.47,17554,211,3,436.98
2025-02-27,LinkedIn,330.68,3635,28,0,0.0
2025-02-27,TikTok,400.75,34630,609,3,341.86
2025-02-27,E-mail,75.63,13965,513,22,3924.36
2025-02-28,Google Ads,636.08,18184,764,60,11668.35
2025-02-28,Instagram,921.05,44999,552,12,2326.62
2025-02-28,Facebook,483.11,29088,351,7,1188.04
2025-02-28,LinkedIn,329.5,3441,28,0,0.0
2025-02-28,TikTok,344.92,25016,384,3,465.27
2025-02-28,E-mail,82.64,15200,449,12,2433.29
2025-03-01,Google Ads,811.14,20629,811,41,9527.12
2025-03-01,Instagram,797.94,42022,710,9,1426.63
2025-03-01,Facebook,364.39,21522,217,3,498.95
2025-03-01,LinkedIn,422.95,3790,25,0,0.0
2025-03-01,TikTok,348.67,26755,317,3,361.3
2025-03-01,E-mail,66.23,9145,226,8,1483.69
2025-03-02,Google Ads,736.82,19750,862,62,10800.82
2025-03-02,Instagram,716.96,33155,406,9,1744.67
2025-03-02,Facebook,507.24,32081,260,4,780.3
2025-03-02,LinkedIn,454.72,5045,46,0,0.0
2025-03-02,TikTok,405.88,31595,665,6,608.96
2025-03-02,E-mail,84.58,13081,447,22,3930.07
2025-03-03,Google Ads,1102.83,31748,1286,62,13693.03
2025-03-03,Instagram,661.75,29073,408,7,978.67
2025-03-03,Facebook,517.94,23051,223,2,283.95
2025-03-03,LinkedIn,425.58,4380,33,0,0.0
2025-03-03,TikTok,369.76,30653,538,6,760.33
2025-03-03,E-mail,57.77,8900,263,10,1699.62
2025-03-04,Google Ads,909.42,29748,1260,62,11311.73
2025-03-04,Instagram,830.56,41054,630,17,2929.23
2025-03-04,Facebook,477.32,31051,367,4,710.93
2025-03-04,LinkedIn,365.1,4188,35,0,0.0
2025-03-04,TikTok,361.06,31181,533,6,812.28
2025-03-04,E-mail,80.27,14915,567,30,5817.54
2025-03-05,Google Ads,958.39,25866,1166,83,16124.4
2025-03-05,Instagram,821.27,36860,424,8,1361.26
2025-03-05,Facebook,543.32,30459,293,7,1319.73
2025-03-05,LinkedIn,495.16,5335,42,1,395.75
2025-03-05,TikTok,356.83,29213,385,3,372.8
2025-03-05,E-mail,77.09,13315,460,17,3121.29
2025-03-06,Google Ads,796.71,19225,803,38,8447.53
2025-03-06,Instagram,733.65,29823,482,12,1965.34
2025-03-06,Facebook,591.81,33953,366,7,1186.93
2025-03-06,LinkedIn,432.7,4640,35,0,0.0
2025-03-06,TikTok,330.38,29673,502,4,573.2
2025-03-06,E-mail,82.46,13967,412,24,4234.75
2025-03-07,Google Ads,856.44,19749,966,42,8405.43
2025-03-07,Instagram,645.72,29535,351,4,752.95
2025-03-07,Facebook,341.48,20591,268,5,960.46
2025-03-07,LinkedIn,398.54,4866,36,0,0.0
2025-03-07,TikTok,439.67,38599,579,6,855.75
2025-03-07,E-mail,78.97,16618,467,25,5111.92
2025-03-08,Google Ads,805.52,20298,1025,52,11289.17
2025-03-08,Instagram,528.22,25585,370,8,1491.97
2025-03-08,Facebook,469.31,24529,261,4,828.28
2025-03-08,LinkedIn,454.71,4322,43,1,421.24
2025-03-08,TikTok,397.11,26573,413,3,398.0
2025-03-08,E-mail,84.44,13964,412,22,4306.02
2025-03-09,Google Ads,905.59,24183,1328,68,13545.37
2025-03-09,Instagram,499.56,19451,257,5,849.99
2025-03-09,Facebook,526.34,27578,270,6,1159.68
2025-03-09,LinkedIn,333.57,3596,22,0,0.0
2025-03-09,TikTok,409.58,31474,454,4,521.93
2025-03-09,E-mail,70.58,14099,409,18,3282.59
2025-03-10,Google Ads,959.4,28365,1531,64,14919.47
2025-03-10,Instagram,757.72,37798,523,11,2165.27
2025-03-10,Facebook,571.6,36727,413,8,1025.46
2025-03-10,LinkedIn,303.32,3067,21,0,0.0
2025-03-10,TikTok,323.68,25727,471,4,543.53
2025-03-10,E-mail,82.35,14964,494,22,3470.95
2025-03-11,Google Ads,868.71,22815,1061,45,10528.15
2025-03-11,Instagram,701.43,28948,382,11,2111.55
2025-03-11,Facebook,578.63,28798,290,5,865.67
2025-03-11,LinkedIn,389.56,3899,29,0,0.0
2025-03-11,TikTok,408.44,28886,481,6,765.71
2025-03-11,E-mail,73.65,13410,354,15,2553.64
2025-03-12,Google Ads,647.54,16781,640,31,7235.88
2025-03-12,Instagram,894.7,41048,644,15,2596.56
2025-03-12,Facebook,355.64,22971,220,5,895.63
2025-03-12,LinkedIn,341.44,3706,37,1,398.47
2025-03-12,TikTok,312.62,26312,412,5,698.07
2025-03-12,E-mail,59.69,10405,305,13,2531.49
2025-03-13,Google Ads,1061.83,30675,1256,62,12436.03
2025-03-13,Instagram,523.41,23530,402,5,897.83
2025-03-13,Facebook,495.79,28336,275,3,439.69
2025-03-13,LinkedIn,479.86,4554,34,1,389.16
2025-03-13,TikTok,367.98,33926,608,4,482.91
2025-03-13,E-mail,83.63,16626,453,18,3563.49
2025-03-14,Google Ads,983.65,27646,1117,49,10511.75
2025-03-14,Instagram,832.54,36940,515,9,1921.84
2025-03-14,Facebook,511.57,31483,347,7,1011.46
2025-03-14,LinkedIn,270.95,3209,25,0,0.0
2025-03-14,TikTok,302.59,27894,539,4,554.92
2025-03-14,E-mail,82.28,13548,496,20,4271.47
2025-03-15,Google Ads,951.49,24996,1310,69,14350.28
2025-03-15,Instagram,844.84,43199,692,3,563.77
2025-03-15,Facebook,515.91,28561,337,7,1270.66
2025-03-15,LinkedIn,383.92,4646,40,1,440.74
2025-03-15,TikTok,410.76,37726,595,7,925.84
2025-03-15,E-mail,103.0,19051,528,34,5102.08
2025-03-16,Google Ads,986.04,24141,1331,69,13339.79
2025-03-16,Instagram,672.02,28365,382,7,1165.35
2025-03-16,Facebook,520.25,30033,290,3,525.86
2025-03-16,LinkedIn,431.92,4878,41,1,461.88
2025-03-16,TikTok,490.69,53569,676,3,389.71
2025-03-16,E-mail,86.05,14232,463,19,3359.48
2025-03-17,Google Ads,826.71,21320,1056,47,9584.79
2025-03-17,Instagram,759.87,33853,537,9,1435.91
2025-03-17,Facebook,522.85,30221,297,7,1419.07
2025-03-17,LinkedIn,362.33,4381,25,0,0.0
2025-03-17,TikTok,401.24,30222,479,4,508.88
2025-03-17,E-mail,101.96,16809,631,26,5676.93
2025-03-18,Google Ads,680.53,17395,732,47,10052.84
2025-03-18,Instagram,480.75,18989,233,6,1166.94
2025-03-18,Facebook,477.47,25071,299,4,711.12
2025-03-18,LinkedIn,422.35,4323,36,1,440.89
2025-03-18,TikTok,279.96,24763,445,4,551.26
2025-03-18,E-mail,78.68,14282,431,14,2878.18
2025-03-19,Google Ads,679.39,18384,789,35,7476.41
2025-03-19,Instagram,625.52,29889,421,8,1632.7
2025-03-19,Facebook,515.36,30437,391,10,1798.56
2025-03-19,LinkedIn,381.84,3444,28,1,434.88
2025-03-19,TikTok,169.16,15323,272,2,285.7
2025-03-19,E-mail,87.54,13589,469,15,2833.69
2025-03-20,Google Ads,878.8,21217,989,62,14644.56
2025-03-20,Instagram,775.98,29290,344,7,1255.69
2025-03-20,Facebook,462.64,30599,340,7,1307.56
2025-03-20,LinkedIn,403.3,5345,37,1,380.4
2025-03-20,TikTok,432.04,38891,581,4,592.01
2025-03-20,E-mail,84.34,16039,477,23,4501.2
2025-03-21,Google Ads,815.74,21157,816,44,9943.39
2025-03-21,Instagram,803.97,38979,537,15,2940.92
2025-03-21,Facebook,604.14,38434,416,8,1465.34
2025-03-21,LinkedIn,331.05,3092,20,0,0.0
2025-03-21,TikTok,274.63,23227,367,4,624.67
2025-03-21,E-mail,85.48,13253,428,19,3523.31
2025-03-22,Google Ads,783.68,19665,866,50,11036.58
2025-03-22,Instagram,891.69,43264,636,13,2097.23
2025-03-22,Facebook,457.26,23625,180,2,394.48
2025-03-22,LinkedIn,422.12,4276,35,0,0.0
2025-03-22,TikTok,417.07,34334,432,3,439.89
2025-03-22,E-mail,83.1,11886,457,15,2780.77
2025-03-23,Google Ads,759.95,17926,762,43,10195.35
2025-03-23,Instagram,659.45,26947,398,9,1658.94
2025-03-23,Facebook,520.68,28601,318,6,1129.16
2025-03-23,LinkedIn,533.71,5718,45,1,392.37
2025-03-23,TikTok,390.16,33947,515,6,781.48
2025-03-23,E-mail,68.36,11793,363,19,3910.19
2025-03-24,Google Ads,885.25,22196,999,53,11668.42
2025-03-24,Instagram,731.65,32954,516,9,2021.66
2025-03-24,Facebook,557.23,27466,308,7,1148.43
2025-03-24,LinkedIn,310.29,2926,24,0,0.0
2025-03-24,TikTok,378.18,30813,451,4,443.52
2025-03-24,E-mail,85.81,13148,369,17,3147.11
2025-03-25,Google Ads,804.87,16967,797,40,7965.39
2025-03-25,Instagram,591.07,26901,398,8,1675.88
2025-03-25,Facebook,552.86,30384,363,7,1195.38
2025-03-25,LinkedIn,477.78,4577,36,1,432.98
2025-03-25,TikTok,330.62,22851,266,3,402.03
2025-03-25,E-mail,72.99,12590,334,14,2409.71
2025-03-26,Google Ads,709.21,14734,535,32,6056.82
2025-03-26,Instagram,756.16,37659,528,10,1823.94
2025-03-26,Facebook,468.75,29177,393,10,1334.23
2025-03-26,LinkedIn,373.78,3936,33,0,0.0
2025-03-26,TikTok,418.61,32933,432,3,405.23
2025-03-26,E-mail,70.13,11970,316,9,1953.57
2025-03-27,Google Ads,953.76,24261,1023,66,14679.86
2025-03-27,Instagram,820.42,35114,494,11,1871.09
2025-03-27,Facebook,492.84,25781,297,4,718.89
2025-03-27,LinkedIn,418.64,4317,36,1,391.85
2025-03-27,TikTok,378.55,33397,501,4,510.49
2025-03-27,E-mail,73.38,14094,438,19,3273.29
2025-03-28,Google Ads,999.76,24700,1024,59,12869.89
2025-03-28,Instagram,437.14,19556,277,5,914.43
2025-03-28,Facebook,364.27,14508,140,2,230.35
2025-03-28,LinkedIn,349.39,2970,23,0,0.0
2025-03-28,TikTok,344.36,31104,498,4,568.19
2025-03-28,E-mail,85.66,14689,433,18,3733.67
2025-03-29,Google Ads,854.58,25257,993,63,13854.51
2025-03-29,Instagram,598.3,28579,368,8,1369.93
2025-03-29,Facebook,490.03,29786,348,5,759.21
2025-03-29,LinkedIn,416.25,4531,33,1,454.17
2025-03-29,TikTok,317.16,24520,381,3,438.99
2025-03-29,E-mail,91.81,15356,498,26,4968.78
2025-03-30,Google Ads,954.35,26606,1267,53,10375.71
2025-03-30,Instagram,669.7,28289,326,8,1489.88
2025-03-30,Facebook,399.55,21662,233,4,606.43
2025-03-30,LinkedIn,318.76,3529,23,0,0.0
2025-03-30,TikTok,343.53,29350,559,3,424.19
2025-03-30,E-mail,49.85,9467,214,14,2556.32
2025-03-31,Google Ads,1074.2,31333,1336,62,11930.02
2025-03-31,Instagram,782.67,34069,430,10,1638.51
2025-03-31,Facebook,475.33,26689,270,4,784.38
2025-03-31,LinkedIn,387.75,3934,30,1,376.58
2025-03-31,TikTok,372.43,31829,399,5,744.95
2025-03-31,E-mail,70.39,10415,321,10,2159.21
2025-04-01,Google Ads,836.76,25591,1037,50,11830.57
2025-04-01,Instagram,666.06,31099,492,9,1415.6
2025-04-01,Facebook,390.6,22965,264,6,992.05
2025-04-01,LinkedIn,314.16,2528,27,0,0.0
2025-04-01,TikTok,364.63,26036,376,5,692.79
2025-04-01,E-mail,70.84,10357,291,12,2747.21
2025-04-02,Google Ads,874.58,20277,906,47,8606.1
2025-04-02,Instagram,742.23,37816,538,9,1534.32
2025-04-02,Facebook,375.59,20586,234,3,608.92
2025-04-02,LinkedIn,447.54,3866,24,0,0.0
2025-04-02,TikTok,396.77,38433,615,5,568.91
2025-04-02,E-mail,84.2,13757,401,23,4314.79
2025-04-03,Google Ads,1079.68,23900,1422,65,14615.31
2025-04-03,Instagram,790.96,34164,525,13,2173.12
2025-04-03,Facebook,447.4,24968,270,6,1091.67
2025-04-03,LinkedIn,395.77,4418,26,0,0.0
2025-04-03,TikTok,408.56,34726,652,7,865.56
2025-04-03,E-mail,78.32,13586,385,22,3716.55
2025-04-04,Google Ads,942.67,26631,1153,51,10628.52
2025-04-04,Instagram,785.26,33909,413,11,2059.06
2025-04-04,Facebook,575.59,34405,477,11,1734.6
2025-04-04,LinkedIn,428.22,4256,32,0,0.0
2025-04-04,TikTok,378.61,31342,435,3,472.36
2025-04-04,E-mail,83.9,12831,406,26,5246.51
2025-04-05,Google Ads,523.75,17438,610,29,5399.76
2025-04-05,Instagram,622.3,29090,306,6,1203.91
2025-04-05,Facebook,436.76,20890,225,4,639.52
2025-04-05,LinkedIn,328.7,3639,31,0,0.0
2025-04-05,TikTok,357.17,26891,439,5,646.11
2025-04-05,E-mail,65.44,11333,332,14,2786.44
2025-04-06,Google Ads,993.29,26232,1171,82,19287.35
2025-04-06,Instagram,787.52,36266,446,12,2191.17
2025-04-06,Facebook,456.71,24755,240,5,908.06
2025-04-06,LinkedIn,410.9,4306,31,0,0.0
2025-04-06,TikTok,311.01,23603,390,4,513.32
2025-04-06,E-mail,96.91,14886,439,19,4004.28
2025-04-07,Google Ads,914.29,24381,879,36,8388.54
2025-04-07,Instagram,482.09,24856,368,6,990.14
2025-04-07,Facebook,642.2,40713,441,9,1431.13
2025-04-07,LinkedIn,408.09,4006,31,1,415.98
2025-04-07,TikTok,294.98,21222,344,2,266.41
2025-04-07,E-mail,60.57,10791,282,12,2202.87
2025-04-08,Google Ads,1131.98,30299,1681,93,22313.82
2025-04-08,Instagram,678.08,31886,511,13,2464.25
2025-04-08,Facebook,475.4,25992,324,8,1279.37
2025-04-08,LinkedIn,355.37,3402,29,0,0.0
2025-04-08,TikTok,378.65,29834,566,4,606.3
2025-04-08,E-mail,83.83,11074,395,21,3819.14
2025-04-09,Google Ads,769.76,17078,991,40,7338.59
2025-04-09,Instagram,728.13,27675,341,9,1695.2
2025-04-09,Facebook,471.02,26215,273,5,785.25
2025-04-09,LinkedIn,365.19,3609,26,0,0.0
2025-04-09,TikTok,301.05,22091,346,4,466.56
2025-04-09,E-mail,78.07,13126,388,15,3179.2
2025-04-10,Google Ads,961.35,27438,1322,77,18731.98
2025-04-10,Instagram,839.76,47044,754,14,2733.52
2025-04-10,Facebook,553.28,36640,356,7,1108.95
2025-04-10,LinkedIn,430.75,4436,37,0,0.0
2025-04-10,TikTok,360.82,30525,602,5,672.25
2025-04-10,E-mail,81.2,13801,524,23,4122.1
2025-04-11,Google Ads,1152.57,29397,1068,45,8271.97
2025-04-11,Instagram,511.0,22384,310,8,1530.63
2025-04-11,Facebook,543.79,27511,334,8,1413.66
2025-04-11,LinkedIn,425.35,3911,35,1,433.56
2025-04-11,TikTok,318.8,26135,397,3,415.27
2025-04-11,E-mail,83.35,15286,479,17,3068.28
2025-04-12,Google Ads,824.02,21280,1163,80,18205.49
2025-04-12,Instagram,712.47,27975,401,7,1465.45
2025-04-12,Facebook,379.54,21896,215,4,725.29
2025-04-12,LinkedIn,461.32,4826,42,1,430.31
2025-04-12,TikTok,402.62,34665,519,4,572.81
2025-04-12,E-mail,66.9,10096,324,13,2111.09
2025-04-13,Google Ads,1082.36,25351,1113,48,9779.94
2025-04-13,Instagram,607.11,29567,419,11,1859.38
2025-04-13,Facebook,659.98,29681,264,7,1246.41
2025-04-13,LinkedIn,420.48,4617,39,1,379.43
2025-04-13,TikTok,392.96,34909,654,8,1074.37
2025-04-13,E-mail,65.27,12806,337,16,2961.95
2025-04-14,Google Ads,841.87,23847,1104,60,11572.24
2025-04-14,Instagram,681.72,28602,390,8,1705.58
2025-04-14,Facebook,480.55,21022,269,5,838.86
2025-04-14,LinkedIn,373.77,3561,35,1,347.01
2025-04-14,TikTok,367.21,34291,558,4,468.46
2025-04-14,E-mail,68.99,13248,394,11,2170.28
2025-04-15,Google Ads,919.04,23099,912,35,8148.68
2025-04-15,Instagram,725.99,34578,498,11,1887.26
2025-04-15,Facebook,484.56,30056,386,5,832.3
2025-04-15,LinkedIn,450.36,5632,54,1,473.55
2025-04-15,TikTok,353.08,32496,569,4,548.6
2025-04-15,E-mail,92.07,15313,445,13,2638.85
2025-04-16,Google Ads,928.18,22173,958,49,9715.16
2025-04-16,Instagram,700.28,26260,427,9,1441.9
2025-04-16,Facebook,315.52,19332,226,4,738.73
2025-04-16,LinkedIn,451.65,4846,37,1,437.68
2025-04-16,TikTok,423.34,34915,657,7,944.64
2025-04-16,E-mail,108.86,21142,762,28,6486.24
2025-04-17,Google Ads,888.9,22859,762,40,7489.98
2025-04-17,Instagram,742.87,29844,507,12,2652.45
2025-04-17,Facebook,423.27,27158,234,4,637.05
2025-04-17,LinkedIn,373.12,3724,26,0,0.0
2025-04-17,TikTok,356.09,33127,548,6,664.7
2025-04-17,E-mail,74.8,13353,417,15,3116.21
2025-04-18,Google Ads,828.28,20102,957,47,9353.89
2025-04-18,Instagram,641.53,26040,347,9,1659.62
2025-04-18,Facebook,571.89,33411,340,4,616.97
2025-04-18,LinkedIn,359.73,3503,31,1,512.9
2025-04-18,TikTok,309.9,29950,570,5,680.78
2025-04-18,E-mail,94.89,15721,463,18,2612.87
2025-04-19,Google Ads,909.51,22235,871,47,8437.55
2025-04-19,Instagram,784.64,37390,498,10,1585.76
2025-04-19,Facebook,556.28,31483,357,7,1113.55
2025-04-19,LinkedIn,308.86,3562,30,0,0.0
2025-04-19,TikTok,416.04,38618,576,4,451.5
2025-04-19,E-mail,76.26,14568,398,15,2674.18
2025-04-20,Google Ads,828.22,21770,829,50,10347.94
2025-04-20,Instagram,960.31,38527,642,18,3106.61
2025-04-20,Facebook,470.37,23724,232,4,681.41
2025-04-20,LinkedIn,303.86,3932,30,0,0.0
2025-04-20,TikTok,335.98,26996,431,4,561.85
2025-04-20,E-mail,82.73,14758,442,20,3708.3
2025-04-21,Google Ads,1035.42,28126,1241,59,12254.65
2025-04-21,Instagram,703.2,31783,415,10,1949.05
2025-04-21,Facebook,633.79,33085,393,4,736.37
2025-04-21,LinkedIn,312.61,2966,24,0,0.0
2025-04-21,TikTok,324.55,29018,412,4,500.31
2025-04-21,E-mail,89.84,16242,379,20,3567.91
2025-04-22,Google Ads,931.9,22221,1044,78,16588.3
2025-04-22,Instagram,651.72,28935,333,9,1670.69
2025-04-22,Facebook,421.33,21028,231,5,752.17
2025-04-22,LinkedIn,466.8,4868,34,0,0.0
2025-04-22,TikTok,277.12,21403,381,3,359.14
2025-04-22,E-mail,91.58,16807,524,20,3625.84
2025-04-23,Google Ads,938.43,21455,1119,74,15173.33
2025-04-23,Instagram,737.39,37492,648,18,2677.69
2025-04-23,Facebook,476.33,27787,287,7,1383.9
2025-04-23,LinkedIn,351.04,3635,26,0,0.0
2025-04-23,TikTok,400.1,30379,333,2,233.26
2025-04-23,E-mail,72.13,12246,319,10,1723.4
2025-04-24,Google Ads,749.39,18627,778,44,8325.67
2025-04-24,Instagram,662.45,28470,437,9,1790.21
2025-04-24,Facebook,413.57,22862,234,3,506.56
2025-04-24,LinkedIn,503.98,4852,38,0,0.0
2025-04-24,TikTok,308.67,24564,373,3,325.72
2025-04-24,E-mail,72.49,12687,318,13,2542.33
2025-04-25,Google Ads,794.39,21619,795,46,10013.36
2025-04-25,Instagram,705.84,35692,479,9,1842.35
2025-04-25,Facebook,638.06,32989,357,8,1349.37
2025-04-25,LinkedIn,435.68,4943,36,1,419.74
2025-04-25,TikTok,286.11,21483,316,3,427.49
2025-04-25,E-mail,89.0,15485,487,23,4548.12
2025-04-26,Google Ads,964.17,21809,888,35,8163.75
2025-04-26,Instagram,873.68,31098,517,11,2180.52
2025-04-26,Facebook,537.99,34193,385,5,841.02
2025-04-26,LinkedIn,430.94,4438,38,1,394.99
2025-04-26,TikTok,292.99,23458,384,2,239.72
2025-04-26,E-mail,56.04,8763,300,10,2033.6
2025-04-27,Google Ads,1284.59,38718,1770,103,18667.38
2025-04-27,Instagram,534.79,24378,357,9,1527.86
2025-04-27,Facebook,514.5,29038,314,6,932.82
2025-04-27,LinkedIn,416.78,4472,33,1,463.17
2025-04-27,TikTok,385.56,28780,465,3,393.77
2025-04-27,E-mail,69.11,12989,426,23,4829.6
2025-04-28,Google Ads,863.47,21755,1183,57,10348.57
2025-04-28,Instagram,805.78,37153,614,14,2514.96
2025-04-28,Facebook,614.46,28884,295,4,530.73
2025-04-28,LinkedIn,452.39,4496,39,1,445.5
2025-04-28,TikTok,326.09,25097,405,4,517.38
2025-04-28,E-mail,71.58,10499,322,12,2263.64
2025-04-29,Google Ads,867.76,21821,1016,56,14071.17
2025-04-29,Instagram,779.59,41083,518,7,1258.18
2025-04-29,Facebook,564.35,33551,422,4,765.2
2025-04-29,LinkedIn,420.13,3739,32,1,436.01
2025-04-29,TikTok,402.45,34980,460,4,435.88
2025-04-29,E-mail,87.79,16676,425,16,2771.76
2025-04-30,Google Ads,838.72,22981,979,55,12780.51
2025-04-30,Instagram,815.68,32930,537,15,3119.22
2025-04-30,Facebook,488.16,25081,243,3,510.6
2025-04-30,LinkedIn,450.87,5366,40,1,415.62
2025-04-30,TikTok,316.65,28328,472,4,538.63
2025-04-30,E-mail,87.39,15446,416,22,4286.74
2025-05-01,Google Ads,967.53,26057,1221,74,13914.27
2025-05-01,Instagram,964.99,43964,578,11,1781.73
2025-05-01,Facebook,424.85,25201,343,4,615.37
2025-05-01,LinkedIn,511.86,5363,47,1,395.61
2025-05-01,TikTok,388.86,24686,340,4,581.98
2025-05-01,E-mail,111.41,19386,424,16,3442.7
2025-05-02,Google Ads,1286.98,38482,1682,62,12967.1
2025-05-02,Instagram,806.79,42413,610,13,2357.2
2025-05-02,Facebook,609.49,35981,361,5,966.5
2025-05-02,LinkedIn,346.77,4248,26,0,0.0
2025-05-02,TikTok,402.52,29127,489,4,508.77
2025-05-02,E-mail,83.39,13850,386,25,4635.99
2025-05-03,Google Ads,976.97,24317,1327,44,9572.12
2025-05-03,Instagram,776.11,30256,381,8,1315.53
2025-05-03,Facebook,597.39,38926,436,6,933.63
2025-05-03,LinkedIn,440.31,4471,36,1,492.68
2025-05-03,TikTok,402.28,29660,540,6,798.13
2025-05-03,E-mail,88.6,15685,458,12,2408.47
2025-05-04,Google Ads,1173.52,35332,1450,75,16140.28
2025-05-04,Instagram,815.31,37485,527,12,2319.99
2025-05-04,Facebook,680.25,34933,376,6,962.3
2025-05-04,LinkedIn,348.49,3677,31,0,0.0
2025-05-04,TikTok,427.76,40677,618,4,515.3
2025-05-04,E-mail,117.99,17382,562,31,4496.7
2025-05-05,Google Ads,1098.69,30657,1335,58,11460.57
2025-05-05,Instagram,765.33,33736,444,9,1812.91
2025-05-05,Facebook,470.26,21555,271,5,817.0
2025-05-05,LinkedIn,452.33,4860,36,1,379.58
2025-05-05,TikTok,384.28,24930,455,4,554.85
2025-05-05,E-mail,98.58,17332,519,25,4293.39
2025-05-06,Google Ads,853.17,22224,918,59,12854.8
2025-05-06,Instagram,718.48,31771,451,9,1664.02
2025-05-06,Facebook,580.92,27785,226,4,718.11
2025-05-06,LinkedIn,435.0,5145,40,1,468.38
2025-05-06,TikTok,465.97,34157,547,6,801.24
2025-05-06,E-mail,99.65,14303,527,19,2890.01
2025-05-07,Google Ads,980.49,19487,762,57,11515.09
2025-05-07,Instagram,632.59,28827,360,9,1475.89
2025-05-07,Facebook,598.35,29428,424,9,1507.74
2025-05-07,LinkedIn,439.79,4373,31,0,0.0
2025-05-07,TikTok,369.14,24210,333,3,380.16
2025-05-07,E-mail,90.15,16782,456,23,4078.14
2025-05-08,Google Ads,1124.4,28432,1242,72,16251.01
2025-05-08,Instagram,785.02,34000,567,13,2248.47
2025-05-08,Facebook,518.67,31768,354,6,1031.73
2025-05-08,LinkedIn,483.31,5058,46,1,442.34
2025-05-08,TikTok,485.5,40492,701,8,1145.98
2025-05-08,E-mail,104.64,18540,686,27,5050.37
2025-05-09,Google Ads,1001.7,25390,869,55,10364.92
2025-05-09,Instagram,825.51,32187,484,8,1276.42
2025-05-09,Facebook,591.76,30571,313,6,1101.6
2025-05-09,LinkedIn,403.53,3826,30,1,481.44
2025-05-09,TikTok,337.82,27256,497,6,702.54
2025-05-09,E-mail,81.8,14153,395,15,2919.67
2025-05-10,Google Ads,1275.55,29171,1548,68,14773.79
2025-05-10,Instagram,997.1,46796,631,15,2653.25
2025-05-10,Facebook,619.97,33737,409,5,763.85
2025-05-10,LinkedIn,362.78,3797,24,0,0.0
2025-05-10,TikTok,491.84,36925,499,5,759.64
2025-05-10,E-mail,90.4,15008,519,27,5348.24
2025-05-11,Google Ads,944.59,25991,978,42,10082.55
2025-05-11,Instagram,962.22,45650,491,8,1342.16
2025-05-11,Facebook,560.19,27230,290,7,1237.7
2025-05-11,LinkedIn,475.1,4492,28,0,0.0
2025-05-11,TikTok,407.03,35221,498,5,745.48
2025-05-11,E-mail,119.02,21364,627,32,6901.9
2025-05-12,Google Ads,723.38,21857,919,41,8304.41
2025-05-12,Instagram,843.65,34086,460,11,2023.28
2025-05-12,Facebook,607.85,32675,389,9,1682.46
2025-05-12,LinkedIn,489.51,5636,49,2,942.32
2025-05-12,TikTok,397.14,30077,466,4,546.59
2025-05-12,E-mail,82.34,15358,383,11,2061.76
2025-05-13,Google Ads,904.19,20800,864,36,7567.66
2025-05-13,Instagram,730.08,31396,439,11,2271.21
2025-05-13,Facebook,587.74,33388,359,7,1236.44
2025-05-13,LinkedIn,551.48,4708,36,1,418.9
2025-05-13,TikTok,345.8,25072,439,3,321.56
2025-05-13,E-mail,103.82,18097,535,19,3569.05
2025-05-14,Google Ads,1223.72,27003,987,43,9005.94
2025-05-14,Instagram,745.07,36043,570,13,2471.14
2025-05-14,Facebook,598.47,33279,309,4,588.14
2025-05-14,LinkedIn,449.75,4844,32,0,0.0
2025-05-14,TikTok,337.95,26401,365,4,511.26
2025-05-14,E-mail,103.25,16445,469,29,4615.69
2025-05-15,Google Ads,1234.42,37859,1860,86,20636.99
2025-05-15,Instagram,766.15,32366,432,8,1303.69
2025-05-15,Facebook,670.74,34381,376,5,852.62
2025-05-15,LinkedIn,380.24,3530,27,1,438.5
2025-05-15,TikTok,433.24,35634,547,6,736.07
2025-05-15,E-mail,103.52,19384,522,20,3592.64
2025-05-16,Google Ads,807.25,20246,1053,41,9750.99
2025-05-16,Instagram,752.66,41444,532,11,1799.78
2025-05-16,Facebook,515.69,32482,377,9,1328.71
2025-05-16,LinkedIn,505.18,4801,32,1,429.6
2025-05-16,TikTok,405.72,36236,640,8,916.2
2025-05-16,E-mail,112.73,22324,640,19,3110.56
2025-05-17,Google Ads,963.3,30455,1373,60,11736.39
2025-05-17,Instagram,645.28,31896,441,13,2487.0
2025-05-17,Facebook,646.58,35051,335,5,733.61
2025-05-17,LinkedIn,522.82,5291,47,1,407.7
2025-05-17,TikTok,331.89,28491,443,5,603.5
2025-05-17,E-mail,100.5,19498,604,31,6226.84
2025-05-18,Google Ads,1329.68,36291,1770,87,16855.19
2025-05-18,Instagram,659.11,33755,415,10,1874.88
2025-05-18,Facebook,654.16,34471,343,7,1155.21
2025-05-18,LinkedIn,375.06,4713,34,0,0.0
2025-05-18,TikTok,478.14,31211,569,4,533.76
2025-05-18,E-mail,82.67,16523,503,19,3501.31
2025-05-19,Google Ads,1048.92,28093,1330,66,11951.25
2025-05-19,Instagram,763.91,36829,474,11,1986.28
2025-05-19,Facebook,556.22,34591,301,5,954.76
2025-05-19,LinkedIn,586.27,7582,61,1,454.33
2025-05-19,TikTok,479.48,41207,732,7,957.52
2025-05-19,E-mail,79.33,12785,359,12,1903.43
2025-05-20,Google Ads,969.23,24833,1131,62,13264.94
2025-05-20,Instagram,773.98,31961,494,10,1721.92
2025-05-20,Facebook,558.92,28775,296,5,825.58
2025-05-20,LinkedIn,505.25,5534,52,1,502.17
2025-05-20,TikTok,436.26,38329,577,6,728.82
2025-05-20,E-mail,71.71,13775,351,17,2945.65
2025-05-21,Google Ads,1209.92,35861,1716,107,22486.49
2025-05-21,Instagram,1074.78,52498,655,14,2481.57
2025-05-21,Facebook,553.4,25649,295,4,508.27
2025-05-21,LinkedIn,436.26,4245,30,0,0.0
2025-05-21,TikTok,392.02,30596,512,6,820.28
2025-05-21,E-mail,106.16,19656,517,25,5222.7
2025-05-22,Google Ads,967.32,23443,1122,39,7298.92
2025-05-22,Instagram,724.49,34414,494,13,2124.28
2025-05-22,Facebook,490.87,28699,285,5,692.17
2025-05-22,LinkedIn,480.07,5832,40,1,417.51
2025-05-22,TikTok,295.91,22453,318,2,270.91
2025-05-22,E-mail,117.52,16782,474,17,2820.44
2025-05-23,Google Ads,1049.82,27630,972,48,8864.96
2025-05-23,Instagram,806.43,41309,610,13,2216.27
2025-05-23,Facebook,580.77,34082,395,7,1215.87
2025-05-23,LinkedIn,369.16,3600,31,1,423.93
2025-05-23,TikTok,491.79,43064,669,5,743.52
2025-05-23,E-mail,102.63,20181,762,25,4139.94
2025-05-24,Google Ads,590.49,16966,823,41,7554.3
2025-05-24,Instagram,794.25,36769,563,13,2495.33
2025-05-24,Facebook,564.29,35053,414,6,1161.7
2025-05-24,LinkedIn,544.56,5999,49,1,351.4
2025-05-24,TikTok,477.44,37891,685,7,796.89
2025-05-24,E-mail,85.15,15641,457,18,3205.17
2025-05-25,Google Ads,1134.71,35088,1173,91,19499.36
2025-05-25,Instagram,875.06,38040,532,12,1933.4
2025-05-25,Facebook,505.51,31410,281,6,982.21
2025-05-25,LinkedIn,393.71,4961,35,0,0.0
2025-05-25,TikTok,356.1,29693,483,5,641.95
2025-05-25,E-mail,82.31,14601,432,17,3708.04
2025-05-26,Google Ads,1016.17,29661,1531,96,21553.37
2025-05-26,Instagram,804.92,36353,494,6,1157.63
2025-05-26,Facebook,596.09,35849,388,8,1172.66
2025-05-26,LinkedIn,379.32,3004,23,0,0.0
2025-05-26,TikTok,422.7,33726,446,6,777.11
2025-05-26,E-mail,77.05,11981,351,15,3221.12
2025-05-27,Google Ads,1022.67,31905,1361,73,16896.7
2025-05-27,Instagram,949.31,48811,661,14,1895.19
2025-05-27,Facebook,558.09,34388,418,8,1591.08
2025-05-27,LinkedIn,433.5,4236,31,0,0.0
2025-05-27,TikTok,419.92,37127,564,5,508.4
2025-05-27,E-mail,97.19,16358,425,18,3331.82
2025-05-28,Google Ads,1308.91,30789,1440,56,11103.94
2025-05-28,Instagram,838.43,37304,521,12,2053.36
2025-05-28,Facebook,651.26,35075,381,8,1390.87
2025-05-28,LinkedIn,504.45,5478,46,1,375.11
2025-05-28,TikTok,316.31,21955,425,2,291.04
2025-05-28,E-mail,80.67,15040,331,14,3046.77
2025-05-29,Google Ads,1145.73,29133,1005,36,8610.2
2025-05-29,Instagram,762.95,34430,498,8,1498.65
2025-05-29,Facebook,538.81,30812,315,4,650.94
2025-05-29,LinkedIn,504.21,5516,44,1,411.45
2025-05-29,TikTok,405.9,32202,574,6,736.56
2025-05-29,E-mail,71.45,13224,361,16,3755.19
2025-05-30,Google Ads,1159.43,35427,1491,90,18950.4
2025-05-30,Instagram,849.2,46400,627,13,2128.65
2025-05-30,Facebook,651.63,34172,422,5,896.63
2025-05-30,LinkedIn,415.59,4694,37,1,403.76
2025-05-30,TikTok,351.16,31714,443,4,537.95
2025-05-30,E-mail,114.27,19026,554,26,3915.71
2025-05-31,Google Ads,848.91,21501,884,30,6840.4
2025-05-31,Instagram,836.37,38549,494,11,2081.86
2025-05-31,Facebook,552.15,32038,318,6,1136.53
2025-05-31,LinkedIn,545.01,6498,53,1,401.15
2025-05-31,TikTok,293.37,21159,331,3,445.08
2025-05-31,E-mail,110.14,17097,563,22,4465.33
2025-06-01,Google Ads,1008.81,29845,1263,75,12800.32
2025-06-01,Instagram,836.1,37909,530,6,1038.02
2025-06-01,Facebook,601.66,31999,382,7,1316.46
2025-06-01,LinkedIn,411.49,3927,31,1,440.9
2025-06-01,TikTok,343.89,35121,640,7,938.88
2025-06-01,E-mail,88.76,15922,352,17,3178.06
2025-06-02,Google Ads,832.53,21480,786,25,5904.41
2025-06-02,Instagram,748.53,25813,336,8,1399.68
2025-06-02,Facebook,593.38,36425,335,6,974.29
2025-06-02,LinkedIn,316.65,2848,20,0,0.0
2025-06-02,TikTok,404.82,35467,618,5,689.2
2025-06-02,E-mail,78.22,12461,458,11,1698.48
2025-06-03,Google Ads,951.66,24380,907,35,6670.56
2025-06-03,Instagram,793.7,40451,677,10,1553.92
2025-06-03,Facebook,392.33,24605,284,5,869.52
2025-06-03,LinkedIn,396.59,3706,31,0,0.0
2025-06-03,TikTok,380.15,30330,498,4,566.35
2025-06-03,E-mail,82.64,12556,391,18,3594.88
2025-06-04,Google Ads,1039.84,25678,1248,40,8299.21
2025-06-04,Instagram,671.16,34924,479,11,1631.17
2025-06-04,Facebook,473.62,24085,343,5,856.23
2025-06-04,LinkedIn,407.59,3608,27,0,0.0
2025-06-04,TikTok,229.23,18019,323,3,437.5
2025-06-04,E-mail,68.17,12817,382,22,4181.38
2025-06-05,Google Ads,623.59,17803,758,35,6281.97
2025-06-05,Instagram,870.33,37498,624,12,1959.61
2025-06-05,Facebook,598.96,33031,360,5,811.1
2025-06-05,LinkedIn,425.72,3899,29,0,0.0
2025-06-05,TikTok,427.68,34570,507,7,870.58
2025-06-05,E-mail,77.71,12488,362,16,3319.92
2025-06-06,Google Ads,954.54,27825,1408,73,15906.89
2025-06-06,Instagram,816.42,32986,600,11,1910.51
2025-06-06,Facebook,409.11,20041,246,7,1122.5
2025-06-06,LinkedIn,420.84,4527,40,1,483.88
2025-06-06,TikTok,337.47,29609,509,5,578.76
2025-06-06,E-mail,70.41,13083,451,19,3704.24
2025-06-07,Google Ads,1061.63,23176,987,69,14923.7
2025-06-07,Instagram,581.43,26738,420,4,732.69
2025-06-07,Facebook,472.07,21919,243,4,678.36
2025-06-07,LinkedIn,379.1,3583,23,0,0.0
2025-06-07,TikTok,362.24,29977,419,3,418.75
2025-06-07,E-mail,86.06,13658,281,10,1808.29
2025-06-08,Google Ads,777.54,19616,969,48,11077.61
2025-06-08,Instagram,541.62,23868,256,5,805.89
2025-06-08,Facebook,596.09,34473,425,7,1068.65
2025-06-08,LinkedIn,336.91,3640,35,1,404.26
2025-06-08,TikTok,340.09,28252,561,7,933.66
2025-06-08,E-mail,81.32,13958,443,18,3131.32
2025-06-09,Google Ads,1039.35,27411,1373,91,20104.89
2025-06-09,Instagram,737.65,44259,635,10,1749.38
2025-06-09,Facebook,616.38,29811,298,7,1157.68
2025-06-09,LinkedIn,393.39,4585,33,0,0.0
2025-06-09,TikTok,380.54,32533,477,3,379.45
2025-06-09,E-mail,93.4,14265,393,13,2379.25
2025-06-10,Google Ads,945.64,30148,1392,68,15512.27
2025-06-10,Instagram,773.1,33111,591,12,2211.06
2025-06-10,Facebook,541.35,31115,404,7,1283.22
2025-06-10,LinkedIn,409.87,4738,36,1,450.75
2025-06-10,TikTok,368.79,28211,524,6,774.21
2025-06-10,E-mail,74.38,12848,415,12,2365.66
2025-06-11,Google Ads,988.09,19885,915,52,11554.32
2025-06-11,Instagram,784.26,34480,422,5,998.3
2025-06-11,Facebook,552.73,34295,344,7,1011.18
2025-06-11,LinkedIn,347.83,3707,32,1,409.92
2025-06-11,TikTok,304.55,23051,338,4,559.36
2025-06-11,E-mail,93.35,15186,455,23,4148.97
2025-06-12,Google Ads,860.67,21121,899,45,8673.48
2025-06-12,Instagram,730.03,34127,467,8,1455.11
2025-06-12,Facebook,462.13,25793,321,4,827.8
2025-06-12,LinkedIn,395.65,4336,31,1,414.72
2025-06-12,TikTok,329.31,25863,400,4,528.99
2025-06-12,E-mail,79.52,12310,335,13,2583.69
2025-06-13,Google Ads,989.41,28112,1264,68,14039.45
2025-06-13,Instagram,517.06,22995,307,5,848.93
2025-06-13,Facebook,510.13,25128,252,6,856.52
2025-06-13,LinkedIn,389.01,3617,26,0,0.0
2025-06-13,TikTok,380.13,35957,633,7,784.44
2025-06-13,E-mail,77.08,13447,445,27,5678.42
2025-06-14,Google Ads,1021.03,33945,1545,72,15388.17
2025-06-14,Instagram,603.92,27636,306,6,1067.54
2025-06-14,Facebook,571.22,35260,343,9,1552.7
2025-06-14,LinkedIn,414.4,3656,27,0,0.0
2025-06-14,TikTok,355.66,30311,400,3,444.92
2025-06-14,E-mail,93.04,15312,545,18,3087.68
2025-06-15,Google Ads,1151.59,32056,1392,68,13128.13
2025-06-15,Instagram,729.04,33792,474,8,1478.12
2025-06-15,Facebook,460.29,23050,292,8,1624.2
2025-06-15,LinkedIn,439.01,4498,35,1,402.35
2025-06-15,TikTok,419.24,27824,429,4,476.05
2025-06-15,E-mail,77.12,13616,482,16,2624.11
2025-06-16,Google Ads,772.29,17198,637,25,5897.58
2025-06-16,Instagram,667.23,30423,377,9,1923.87
2025-06-16,Facebook,433.43,28232,324,6,1060.81
2025-06-16,LinkedIn,423.43,5284,44,1,402.3
2025-06-16,TikTok,394.05,29695,481,7,682.12
2025-06-16,E-mail,82.8,14174,413,17,3259.53
2025-06-17,Google Ads,865.98,23294,986,69,14124.83
2025-06-17,Instagram,759.81,32226,501,12,2250.56
2025-06-17,Facebook,422.95,21729,287,4,723.58
2025-06-17,LinkedIn,343.32,3978,29,0,0.0
2025-06-17,TikTok,320.93,27826,448,3,388.91
2025-06-17,E-mail,66.28,11757,387,17,3317.74
2025-06-18,Google Ads,1136.54,29437,1174,65,12103.93
2025-06-18,Instagram,677.89,28967,371,7,1373.39
2025-06-18,Facebook,582.93,35384,404,7,909.42
2025-06-18,LinkedIn,422.06,3430,21,0,0.0
2025-06-18,TikTok,326.32,31368,529,5,740.11
2025-06-18,E-mail,98.78,17307,470,18,2925.22
2025-06-19,Google Ads,894.27,21062,910,47,7912.08
2025-06-19,Instagram,567.31,24479,340,6,1050.78
2025-06-19,Facebook,447.04,21235,218,4,658.89
2025-06-19,LinkedIn,406.71,4460,38,1,353.82
2025-06-19,TikTok,416.76,36068,510,5,719.42
2025-06-19,E-mail,100.75,17212,582,19,3597.04
2025-06-20,Google Ads,854.77,23264,1249,65,12370.05
2025-06-20,Instagram,567.34,30032,446,10,1738.13
2025-06-20,Facebook,520.09,26042,299,4,655.57
2025-06-20,LinkedIn,361.43,2565,19,0,0.0
2025-06-20,TikTok,350.09,34332,569,6,818.66
2025-06-20,E-mail,90.46,15761,488,25,3597.35
2025-06-21,Google Ads,1182.02,36050,1664,59,13889.62
2025-06-21,Instagram,627.14,30028,355,11,1694.44
2025-06-21,Facebook,505.17,22109,241,4,757.33
2025-06-21,LinkedIn,374.48,4390,30,0,0.0
2025-06-21,TikTok,376.02,32489,564,5,692.99
2025-06-21,E-mail,69.23,11986,428,12,2391.49
2025-06-22,Google Ads,991.37,29900,1462,74,16208.33
2025-06-22,Instagram,622.82,27211,319,9,1692.93
2025-06-22,Facebook,431.29,24610,308,7,1079.61
2025-06-22,LinkedIn,211.97,2319,16,0,0.0
2025-06-22,TikTok,408.47,39977,734,9,1331.35
2025-06-22,E-mail,97.59,16199,410,27,5162.29
2025-06-23,Google Ads,1065.88,26505,1330,34,6846.94
2025-06-23,Instagram,689.67,32798,518,8,1535.04
2025-06-23,Facebook,592.0,40604,484,8,1187.04
2025-06-23,LinkedIn,509.75,5761,45,0,0.0
2025-06-23,TikTok,383.14,33058,405,4,438.44
2025-06-23,E-mail,96.25,16375,463,25,4917.91
2025-06-24,Google Ads,1078.87,28619,1309,61,13146.86
2025-06-24,Instagram,878.28,37914,572,10,1427.99
2025-06-24,Facebook,515.56,29703,322,4,700.69
2025-06-24,LinkedIn,415.98,3989,26,0,0.0
2025-06-24,TikTok,371.87,28259,459,5,573.78
2025-06-24,E-mail,80.76,15262,387,21,4636.06
2025-06-25,Google Ads,870.0,22109,1118,53,8510.97
2025-06-25,Instagram,689.63,32821,500,9,1576.29
2025-06-25,Facebook,573.27,31657,284,7,1164.52
2025-06-25,LinkedIn,465.47,4215,33,1,416.34
2025-06-25,TikTok,287.89,18264,345,3,435.51
2025-06-25,E-mail,91.14,16097,464,22,4778.8
2025-06-26,Google Ads,911.21,28539,1053,35,8076.24
2025-06-26,Instagram,614.03,33613,546,15,2938.8
2025-06-26,Facebook,430.88,19965,259,3,590.83
2025-06-26,LinkedIn,440.18,4598,38,1,411.5
2025-06-26,TikTok,424.85,40330,657,5,734.89
2025-06-26,E-mail,55.73,9700,316,11,2293.52
2025-06-27,Google Ads,896.44,22303,1119,43,9814.88
2025-06-27,Instagram,491.85,22995,323,6,1122.08
2025-06-27,Facebook,494.03,30340,356,7,1224.73
2025-06-27,LinkedIn,371.67,3794,31,0,0.0
2025-06-27,TikTok,354.91,30687,408,4,489.78
2025-06-27,E-mail,67.49,13099,425,22,4369.98
2025-06-28,Google Ads,887.42,22700,1117,68,14182.63
2025-06-28,Instagram,917.62,40886,476,6,897.72
2025-06-28,Facebook,468.96,25449,302,6,1106.02
2025-06-28,LinkedIn,402.69,4244,31,1,355.68
2025-06-28,TikTok,365.82,29931,523,5,650.56
2025-06-28,E-mail,76.8,14583,437,27,5269.66
2025-06-29,Google Ads,902.94,23416,1125,49,10439.97
2025-06-29,Instagram,700.85,32893,479,11,1998.79
2025-06-29,Facebook,617.67,35765,516,10,1863.02
2025-06-29,LinkedIn,356.44,4277,31,1,408.89
2025-06-29,TikTok,373.73,30412,440,4,600.16
2025-06-29,E-mail,85.61,12428,421,15,3061.86
2025-06-30,Google Ads,974.68,27230,1497,62,13815.25
2025-06-30,Instagram,832.26,35396,451,9,1672.61
2025-06-30,Facebook,394.21,23108,211,5,893.67
2025-06-30,LinkedIn,514.79,5781,44,1,430.03
2025-06-30,TikTok,348.41,32478,461,6,879.43
2025-06-30,E-mail,77.56,15250,414,19,3149.19
2025-07-01,Google Ads,1149.29,25261,940,41,9748.52
2025-07-01,Instagram,800.26,36819,578,12,2251.24
2025-07-01,Facebook,623.88,33805,337,7,1278.09
2025-07-01,LinkedIn,406.63,4709,36,1,435.73
2025-07-01,TikTok,365.09,35332,590,5,684.32
2025-07-01,E-mail,92.11,16539,538,16,2282.28
2025-07-02,Google Ads,1072.16,29452,1321,75,18785.51
2025-07-02,Instagram,848.42,42275,528,9,1233.4
2025-07-02,Facebook,547.51,33789,424,9,1506.43
2025-07-02,LinkedIn,366.14,3536,27,0,0.0
2025-07-02,TikTok,281.63,23006,282,2,259.94
2025-07-02,E-mail,75.72,11442,343,13,2436.19
2025-07-03,Google Ads,1164.25,31165,1492,67,12966.3
2025-07-03,Instagram,697.59,39648,535,12,1981.07
2025-07-03,Facebook,293.35,15010,212,4,791.58
2025-07-03,LinkedIn,379.14,3050,21,0,0.0
2025-07-03,TikTok,349.45,27576,490,4,536.01
2025-07-03,E-mail,82.34,13218,354,14,3158.38
2025-07-04,Google Ads,1050.18,30456,1241,44,10253.16
2025-07-04,Instagram,795.0,36632,490,7,1369.29
2025-07-04,Facebook,588.96,30498,304,7,1113.62
2025-07-04,LinkedIn,506.74,5275,40,1,403.76
2025-07-04,TikTok,409.13,37113,671,6,744.4
2025-07-04,E-mail,79.89,12748,449,24,4518.27
2025-07-05,Google Ads,774.93,23534,1076,52,12612.22
2025-07-05,Instagram,646.46,28447,387,6,1114.1
2025-07-05,Facebook,442.82,23197,233,4,622.95
2025-07-05,LinkedIn,414.83,4298,34,1,413.47
2025-07-05,TikTok,381.76,34099,541,5,651.35
2025-07-05,E-mail,82.43,12932,364,16,2440.54
2025-07-06,Google Ads,1101.97,35265,1619,91,21175.9
2025-07-06,Instagram,560.91,27862,370,11,1942.72
2025-07-06,Facebook,568.11,30998,430,7,1328.65
2025-07-06,LinkedIn,437.6,4792,39,1,311.39
2025-07-06,TikTok,406.41,32211,587,6,873.62
2025-07-06,E-mail,89.62,11255,362,15,3182.03
2025-07-07,Google Ads,979.81,27339,1190,48,9643.65
2025-07-07,Instagram,511.01,21856,252,3,546.29
2025-07-07,Facebook,540.05,29907,309,5,823.04
2025-07-07,LinkedIn,350.67,3668,23,0,0.0
2025-07-07,TikTok,369.75,33546,557,6,618.8
2025-07-07,E-mail,74.09,13709,436,26,5781.96
2025-07-08,Google Ads,940.44,24124,960,43,8661.35
2025-07-08,Instagram,637.71,26324,386,11,2164.78
2025-07-08,Facebook,475.82,29114,333,6,1009.48
2025-07-08,LinkedIn,388.0,4350,35,0,0.0
2025-07-08,TikTok,366.06,31812,489,3,438.79
2025-07-08,E-mail,92.46,12347,429,18,3484.98
2025-07-09,Google Ads,1053.66,32310,1628,85,15394.48
2025-07-09,Instagram,487.25,24092,391,7,1226.01
2025-07-09,Facebook,458.21,23969,297,6,996.62
2025-07-09,LinkedIn,559.45,5044,43,1,413.39
2025-07-09,TikTok,357.8,32335,501,4,505.49
2025-07-09,E-mail,67.04,11879,368,18,3396.22
2025-07-10,Google Ads,873.96,25702,1298,83,18079.43
2025-07-10,Instagram,842.03,36681,501,13,2537.36
2025-07-10,Facebook,478.22,23787,255,4,797.27
2025-07-10,LinkedIn,445.6,4331,30,0,0.0
2025-07-10,TikTok,341.25,31606,447,6,706.42
2025-07-10,E-mail,63.09,12290,427,18,3550.42
2025-07-11,Google Ads,954.89,25472,967,24,4614.26
2025-07-11,Instagram,890.7,47998,650,11,2035.07
2025-07-11,Facebook,532.92,31385,240,7,1324.76
2025-07-11,LinkedIn,388.13,3792,33,1,423.87
2025-07-11,TikTok,374.06,30820,516,5,672.32
2025-07-11,E-mail,83.49,15853,384,14,2667.07
2025-07-12,Google Ads,801.47,20255,1052,51,8750.91
2025-07-12,Instagram,655.55,29970,421,10,1885.39
2025-07-12,Facebook,489.59,23954,249,4,660.61
2025-07-12,LinkedIn,441.47,4834,42,1,483.35
2025-07-12,TikTok,385.32,32470,557,4,410.34
2025-07-12,E-mail,72.72,13025,394,17,2956.15
2025-07-13,Google Ads,635.96,19120,838,38,7444.03
2025-07-13,Instagram,831.72,41137,509,13,2306.05
2025-07-13,Facebook,454.21,24492,244,3,549.58
2025-07-13,LinkedIn,386.76,4322,35,1,334.07
2025-07-13,TikTok,304.5,26819,363,3,335.76
2025-07-13,E-mail,80.2,15518,508,14,2885.67
2025-07-14,Google Ads,1146.0,38593,1835,66,14462.46
2025-07-14,Instagram,867.58,38697,609,11,2053.73
2025-07-14,Facebook,313.28,15750,173,3,443.67
2025-07-14,LinkedIn,370.02,4023,31,0,0.0
2025-07-14,TikTok,331.98,31425,443,6,866.82
2025-07-14,E-mail,75.73,12256,376,18,3794.34
2025-07-15,Google Ads,719.02,19749,663,31,7456.5
2025-07-15,Instagram,551.15,21045,302,8,1486.86
2025-07-15,Facebook,357.15,16502,183,2,344.65
2025-07-15,LinkedIn,411.76,4122,40,1,470.89
2025-07-15,TikTok,398.33,32696,510,4,555.42
2025-07-15,E-mail,72.2,14108,385,18,3341.65
2025-07-16,Google Ads,839.14,26879,1145,53,10390.82
2025-07-16,Instagram,704.31,31689,384,7,1336.82
2025-07-16,Facebook,577.02,32133,355,6,968.75
2025-07-16,LinkedIn,344.83,3064,22,0,0.0
2025-07-16,TikTok,331.83,26642,489,3,400.81
2025-07-16,E-mail,79.18,13286,410,18,3691.21
2025-07-17,Google Ads,896.05,27693,1252,41,9159.59
2025-07-17,Instagram,741.17,33799,458,5,724.78
2025-07-17,Facebook,623.56,32614,400,5,761.02
2025-07-17,LinkedIn,440.72,4591,39,1,411.28
2025-07-17,TikTok,314.3,23064,431,5,582.48
2025-07-17,E-mail,66.75,10738,335,14,2792.87
2025-07-18,Google Ads,893.35,23239,1348,60,14666.33
2025-07-18,Instagram,851.92,40675,437,9,1536.62
2025-07-18,Facebook,501.51,24899,298,7,1329.23
2025-07-18,LinkedIn,377.07,3548,29,1,422.91
2025-07-18,TikTok,373.75,30413,457,5,643.11
2025-07-18,E-mail,84.84,14858,464,23,3997.24
2025-07-19,Google Ads,776.61,20349,913,40,8602.44
2025-07-19,Instagram,795.36,40446,662,10,1590.66
2025-07-19,Facebook,478.28,26784,286,5,824.12
2025-07-19,LinkedIn,429.0,3915,40,1,464.14
2025-07-19,TikTok,319.55,28158,455,5,637.09
2025-07-19,E-mail,98.62,13984,467,21,3583.69
2025-07-20,Google Ads,1163.53,36279,1226,63,14163.59
2025-07-20,Instagram,746.38,39067,632,14,3093.83
2025-07-20,Facebook,570.26,30567,313,7,1095.64
2025-07-20,LinkedIn,375.42,3857,32,0,0.0
2025-07-20,TikTok,411.01,32865,653,6,878.84
2025-07-20,E-mail,87.57,16514,529,24,5058.51
2025-07-21,Google Ads,1235.61,31638,1559,77,16988.3
2025-07-21,Instagram,704.43,25110,343,9,1496.04
2025-07-21,Facebook,569.07,32195,346,8,1452.62
2025-07-21,LinkedIn,425.23,4930,40,0,0.0
2025-07-21,TikTok,255.27,22670,401,4,545.43
2025-07-21,E-mail,91.62,12861,380,12,2198.3
2025-07-22,Google Ads,1118.19,32643,1585,76,14374.22
2025-07-22,Instagram,719.64,36343,533,8,1455.06
2025-07-22,Facebook,356.5,21398,215,3,551.71
2025-07-22,LinkedIn,433.56,4669,47,1,392.91
2025-07-22,TikTok,377.26,30538,562,5,674.7
2025-07-22,E-mail,62.69,10512,313,11,2043.71
2025-07-23,Google Ads,958.83,25221,942,44,8807.55
2025-07-23,Instagram,720.32,33021,439,8,1449.68
2025-07-23,Facebook,572.22,32675,420,10,1954.44
2025-07-23,LinkedIn,482.12,5868,40,1,471.17
2025-07-23,TikTok,423.45,32567,562,5,770.06
2025-07-23,E-mail,63.35,9746,228,10,2330.13
2025-07-24,Google Ads,894.01,23764,1140,55,11972.76
2025-07-24,Instagram,741.18,30841,426,10,1967.14
2025-07-24,Facebook,597.39,34301,393,9,1439.0
2025-07-24,LinkedIn,361.85,3761,25,0,0.0
2025-07-24,TikTok,312.72,27194,402,3,470.17
2025-07-24,E-mail,67.97,9879,304,14,2837.48
2025-07-25,Google Ads,1170.17,28400,1189,78,17918.28
2025-07-25,Instagram,784.01,33534,532,13,2384.35
2025-07-25,Facebook,456.13,25610,337,5,782.02
2025-07-25,LinkedIn,362.33,3657,29,1,439.38
2025-07-25,TikTok,353.19,30248,520,3,431.79
2025-07-25,E-mail,70.08,11162,348,15,2988.78
2025-07-26,Google Ads,919.15,23488,1250,71,15360.46
2025-07-26,Instagram,772.71,32646,576,9,1638.33
2025-07-26,Facebook,478.52,25721,267,4,760.81
2025-07-26,LinkedIn,327.72,3788,32,0,0.0
2025-07-26,TikTok,341.71,25340,352,3,413.54
2025-07-26,E-mail,82.9,13276,389,16,2508.93
2025-07-27,Google Ads,908.27,25150,1140,77,14545.62
2025-07-27,Instagram,630.58,29044,418,5,954.24
2025-07-27,Facebook,518.62,22705,246,4,649.17
2025-07-27,LinkedIn,319.71,3505,33,1,329.31
2025-07-27,TikTok,364.99,29824,414,4,565.75
2025-07-27,E-mail,71.98,10024,228,8,1496.36
2025-07-28,Google Ads,830.34,20357,978,53,11352.15
2025-07-28,Instagram,785.73,33371,405,7,1185.5
2025-07-28,Facebook,346.15,18181,226,5,894.64
2025-07-28,LinkedIn,407.9,4915,34,0,0.0
2025-07-28,TikTok,351.45,27321,466,4,476.45
2025-07-28,E-mail,69.62,11975,368,21,3874.25
2025-07-29,Google Ads,858.53,25845,1300,66,11696.44
2025-07-29,Instagram,614.76,24997,351,6,1253.11
2025-07-29,Facebook,382.14,18764,212,4,504.07
2025-07-29,LinkedIn,295.88,3032,28,1,402.59
2025-07-29,TikTok,341.04,26041,448,5,731.64
2025-07-29,E-mail,79.65,12162,365,20,3647.8
2025-07-30,Google Ads,654.92,16614,722,22,4727.2
2025-07-30,Instagram,753.13,40600,477,12,2368.84
2025-07-30,Facebook,538.97,26928,258,5,857.67
2025-07-30,LinkedIn,366.43,4355,33,0,0.0
2025-07-30,TikTok,375.21,32337,538,6,693.05
2025-07-30,E-mail,74.92,14415,330,14,2986.89
2025-07-31,Google Ads,1063.89,29845,1453,57,13613.69
2025-07-31,Instagram,573.99,23115,338,6,1102.32
2025-07-31,Facebook,532.31,34830,403,7,1270.5
2025-07-31,LinkedIn,350.09,4021,32,1,345.21
2025-07-31,TikTok,231.84,16418,317,2,279.04
2025-07-31,E-mail,72.3,11760,350,20,4022.11
2025-08-01,Google Ads,951.98,28300,1176,71,16253.84
2025-08-01,Instagram,793.44,35506,471,8,1323.77
2025-08-01,Facebook,431.22,24835,265,5,891.47
2025-08-01,LinkedIn,336.41,3155,24,0,0.0
2025-08-01,TikTok,439.02,30975,615,6,856.93
2025-08-01,E-mail,90.42,15999,575,20,3740.58
2025-08-02,Google Ads,784.87,17151,710,48,9905.15
2025-08-02,Instagram,908.27,49896,949,28,6228.5
2025-08-02,Facebook,524.39,29797,339,6,1035.27
2025-08-02,LinkedIn,445.13,4467,29,0,0.0
2025-08-02,TikTok,319.06,26209,400,4,511.33
2025-08-02,E-mail,93.93,15976,474,22,3640.1
2025-08-03,Google Ads,945.64,26998,1359,49,8726.97
2025-08-03,Instagram,643.63,33307,478,8,1230.78
2025-08-03,Facebook,448.7,23054,282,6,912.91
2025-08-03,LinkedIn,445.19,4991,34,1,434.31
2025-08-03,TikTok,358.57,24769,402,4,602.14
2025-08-03,E-mail,71.97,11341,331,15,2877.65
2025-08-04,Google Ads,981.58,22924,1080,46,9521.54
2025-08-04,Instagram,879.34,34381,465,7,1279.29
2025-08-04,Facebook,578.62,32690,354,8,1404.95
2025-08-04,LinkedIn,449.17,5066,26,0,0.0
2025-08-04,TikTok,306.46,29304,447,6,670.2
2025-08-04,E-mail,67.0,12017,345,16,3005.86
2025-08-05,Google Ads,880.75,22472,1033,58,14146.37
2025-08-05,Instagram,678.74,29637,388,11,2116.68
2025-08-05,Facebook,357.57,16005,158,3,508.29
2025-08-05,LinkedIn,430.89,4456,41,1,423.26
2025-08-05,TikTok,410.13,28541,452,4,551.31
2025-08-05,E-mail,59.42,9645,303,14,2975.51
2025-08-06,Google Ads,1002.8,26228,1275,61,12998.02
2025-08-06,Instagram,783.45,35450,517,13,2506.65
2025-08-06,Facebook,592.51,40581,484,8,1429.61
2025-08-06,LinkedIn,428.13,4783,45,0,0.0
2025-08-06,TikTok,447.15,39378,674,6,780.49
2025-08-06,E-mail,88.38,15662,510,25,5176.74
2025-08-07,Google Ads,1006.2,23766,1176,80,16755.27
2025-08-07,Instagram,857.45,35399,493,9,1843.43
2025-08-07,Facebook,623.04,34269,429,11,1863.84
2025-08-07,LinkedIn,407.79,4607,33,1,510.0
2025-08-07,TikTok,323.75,29282,497,4,531.53
2025-08-07,E-mail,101.03,17770,578,34,6273.04
2025-08-08,Google Ads,758.67,23495,1074,63,12221.44
2025-08-08,Instagram,740.8,29978,422,8,1313.62
2025-08-08,Facebook,477.27,20433,193,4,703.64
2025-08-08,LinkedIn,335.55,3725,26,0,0.0
2025-08-08,TikTok,332.93,27491,574,4,531.78
2025-08-08,E-mail,89.38,13462,326,12,2453.16
2025-08-09,Google Ads,853.83,21949,1095,45,9366.13
2025-08-09,Instagram,541.05,25381,365,9,1434.47
2025-08-09,Facebook,485.61,23529,251,6,987.28
2025-08-09,LinkedIn,318.04,3120,20,0,0.0
2025-08-09,TikTok,274.07,23552,378,3,398.87
2025-08-09,E-mail,68.75,12421,341,14,2525.58
2025-08-10,Google Ads,993.08,27556,849,44,7628.0
2025-08-10,Instagram,664.16,29862,400,9,1736.65
2025-08-10,Facebook,441.99,22566,247,3,485.67
2025-08-10,LinkedIn,480.88,4299,32,0,0.0
2025-08-10,TikTok,321.76,25526,357,3,400.54
2025-08-10,E-mail,69.37,12704,393,20,3675.31
2025-08-11,Google Ads,932.83,24025,1270,64,13451.77
2025-08-11,Instagram,651.88,28102,404,10,1676.78
2025-08-11,Facebook,509.49,28826,330,4,617.12
2025-08-11,LinkedIn,318.05,3358,23,0,0.0
2025-08-11,TikTok,328.83,24322,424,4,527.81
2025-08-11,E-mail,76.38,10135,287,10,1946.98
2025-08-12,Google Ads,983.66,26726,1384,61,12028.88
2025-08-12,Instagram,808.98,37382,507,15,2855.99
2025-08-12,Facebook,485.71,25132,320,6,1022.5
2025-08-12,LinkedIn,440.58,5045,43,1,438.96
2025-08-12,TikTok,379.13,29282,570,4,536.09
2025-08-12,E-mail,63.96,10555,294,13,2554.41
2025-08-13,Google Ads,770.89,20227,1062,39,7490.53
2025-08-13,Instagram,790.38,36204,516,13,2154.19
2025-08-13,Facebook,461.05,23967,252,6,846.49
2025-08-13,LinkedIn,328.35,2984,27,0,0.0
2025-08-13,TikTok,265.23,21522,380,3,385.79
2025-08-13,E-mail,61.22,9868,301,10,2024.43
2025-08-14,Google Ads,1019.48,25410,1243,60,14045.39
2025-08-14,Instagram,913.59,36985,565,15,2437.92
2025-08-14,Facebook,456.87,23893,258,4,666.52
2025-08-14,LinkedIn,450.28,3841,27,0,0.0
2025-08-14,TikTok,294.43,25908,480,4,467.59
2025-08-14,E-mail,90.5,17682,474,21,4424.97
2025-08-15,Google Ads,915.57,19884,942,37,6782.65
2025-08-15,Instagram,518.59,26378,332,7,1332.95
2025-08-15,Facebook,512.14,29295,336,6,942.46
2025-08-15,LinkedIn,349.04,3635,28,0,0.0
2025-08-15,TikTok,368.06,28184,332,2,225.04
2025-08-15,E-mail,71.24,12160,368,22,4381.93
2025-08-16,Google Ads,1157.74,32645,1660,77,14432.52
2025-08-16,Instagram,652.86,29640,383,6,1125.02
2025-08-16,Facebook,424.6,19971,190,3,459.46
2025-08-16,LinkedIn,386.31,4310,36,0,0.0
2025-08-16,TikTok,319.78,28395,502,5,728.09
2025-08-16,E-mail,100.75,15980,564,24,5025.05
2025-08-17,Google Ads,995.66,21021,836,31,5349.89
2025-08-17,Instagram,792.33,43465,589,15,3100.85
2025-08-17,Facebook,515.62,28573,305,6,1109.22
2025-08-17,LinkedIn,427.71,4694,37,0,0.0
2025-08-17,TikTok,282.56,25004,436,3,366.3
2025-08-17,E-mail,105.46,17436,446,23,4032.34
2025-08-18,Google Ads,640.73,17737,710,37,7138.54
2025-08-18,Instagram,774.26,35839,345,8,1398.28
2025-08-18,Facebook,606.25,35011,420,7,1095.98
2025-08-18,LinkedIn,398.46,4043,37,1,368.56
2025-08-18,TikTok,306.55,28011,439,4,575.13
2025-08-18,E-mail,69.02,8932,240,11,2037.85
2025-08-19,Google Ads,689.34,19983,916,49,10721.78
2025-08-19,Instagram,563.65,26396,409,11,2122.81
2025-08-19,Facebook,538.48,24718,271,4,767.19
2025-08-19,LinkedIn,467.82,4456,35,1,457.83
2025-08-19,TikTok,262.03,17010,273,1,132.06
2025-08-19,E-mail,87.11,16312,452,21,4249.95
2025-08-20,Google Ads,741.28,21292,989,43,9157.67
2025-08-20,Instagram,685.37,33583,449,10,1688.23
2025-08-20,Facebook,429.66,24279,238,5,900.34
2025-08-20,LinkedIn,354.09,3806,27,0,0.0
2025-08-20,TikTok,347.36,30455,496,5,586.22
2025-08-20,E-mail,75.48,14648,337,13,2205.34
2025-08-21,Google Ads,873.62,21991,1061,55,10042.01
2025-08-21,Instagram,638.24,29010,442,14,2697.1
2025-08-21,Facebook,424.06,23337,262,4,711.98
2025-08-21,LinkedIn,263.72,2929,22,0,0.0
2025-08-21,TikTok,283.77,24292,425,4,436.06
2025-08-21,E-mail,96.2,15695,441,18,3289.31
2025-08-22,Google Ads,739.33,19776,826,46,10160.0
2025-08-22,Instagram,870.7,38739,490,7,1536.36
2025-08-22,Facebook,549.66,28422,376,9,1323.25
2025-08-22,LinkedIn,354.79,3685,25,0,0.0
2025-08-22,TikTok,277.9,23837,434,4,516.07
2025-08-22,E-mail,71.98,12993,334,15,2857.27
2025-08-23,Google Ads,1051.96,26069,1103,41,8986.5
2025-08-23,Instagram,655.5,27226,346,8,1281.17
2025-08-23,Facebook,423.94,25663,276,6,983.35
2025-08-23,LinkedIn,399.93,4275,39,1,468.44
2025-08-23,TikTok,316.99,23808,415,5,725.58
2025-08-23,E-mail,80.16,14331,468,21,4066.76
2025-08-24,Google Ads,913.26,22139,914,39,6880.23
2025-08-24,Instagram,715.0,32368,494,13,2649.88
2025-08-24,Facebook,606.38,31137,283,6,1160.98
2025-08-24,LinkedIn,493.36,5445,33,1,443.33
2025-08-24,TikTok,415.73,39597,702,6,699.73
2025-08-24,E-mail,86.41,13260,468,13,2610.02
2025-08-25,Google Ads,943.14,24306,972,28,5567.52
2025-08-25,Instagram,646.04,32630,413,9,1410.66
2025-08-25,Facebook,536.02,23115,318,6,734.96
2025-08-25,LinkedIn,356.94,3428,25,0,0.0
2025-08-25,TikTok,307.14,22629,397,4,506.76
2025-08-25,E-mail,79.79,11800,357,16,2973.3
2025-08-26,Google Ads,953.47,25865,1016,62,12749.64
2025-08-26,Instagram,875.94,41489,718,19,3497.7
2025-08-26,Facebook,445.77,23027,269,5,799.93
2025-08-26,LinkedIn,449.98,4755,41,1,461.98
2025-08-26,TikTok,376.3,35113,627,6,767.1
2025-08-26,E-mail,101.4,16408,536,22,3401.73
2025-08-27,Google Ads,734.31,20108,981,53,12405.44
2025-08-27,Instagram,741.08,31074,466,10,1696.4
2025-08-27,Facebook,535.44,29982,305,5,970.15
2025-08-27,LinkedIn,482.85,5178,41,0,0.0
2025-08-27,TikTok,404.41,36234,421,4,513.39
2025-08-27,E-mail,88.19,14035,409,20,3506.04
2025-08-28,Google Ads,822.5,22063,1152,66,15350.51
2025-08-28,Instagram,706.65,36922,408,12,2624.78
2025-08-28,Facebook,534.25,32150,352,6,957.69
2025-08-28,LinkedIn,397.06,4411,37,1,424.21
2025-08-28,TikTok,271.84,26377,360,3,400.6
2025-08-28,E-mail,85.01,12119,331,10,2018.13
2025-08-29,Google Ads,1059.76,24480,1233,73,14319.64
2025-08-29,Instagram,491.83,19960,259,7,1245.09
2025-08-29,Facebook,424.49,23931,222,4,613.52
2025-08-29,LinkedIn,350.05,3823,37,1,376.33
2025-08-29,TikTok,318.68,27925,509,2,262.27
2025-08-29,E-mail,74.15,9981,251,10,1911.17
2025-08-30,Google Ads,1036.09,28231,1414,71,13858.93
2025-08-30,Instagram,680.71,33093,520,11,1796.04
2025-08-30,Facebook,525.17,30570,386,6,951.88
2025-08-30,LinkedIn,445.37,4497,34,1,362.42
2025-08-30,TikTok,457.95,35824,632,6,801.17
2025-08-30,E-mail,76.85,13904,399,15,3366.8
2025-08-31,Google Ads,903.97,22181,819,56,11110.94
2025-08-31,Instagram,916.49,43320,616,14,3078.42
2025-08-31,Facebook,335.58,19043,202,3,517.61
2025-08-31,LinkedIn,384.02,4118,32,0,0.0
2025-08-31,TikTok,387.59,30548,598,7,986.8
2025-08-31,E-mail,89.98,15042,513,30,6160.57
2025-09-01,Google Ads,823.01,21572,1037,60,12502.38
2025-09-01,Instagram,640.49,33725,411,7,1092.78
2025-09-01,Facebook,429.23,26820,340,6,1070.62
2025-09-01,LinkedIn,399.37,3702,37,1,434.89
2025-09-01,TikTok,305.07,24850,364,3,402.09
2025-09-01,E-mail,75.91,10811,407,19,3774.83
2025-09-02,Google Ads,842.97,18718,833,39,8771.11
2025-09-02,Instagram,795.14,38907,609,18,3366.31
2025-09-02,Facebook,582.44,33955,288,5,776.24
2025-09-02,LinkedIn,413.89,4012,34,1,470.55
2025-09-02,TikTok,435.01,30175,413,6,858.74
2025-09-02,E-mail,82.69,13826,411,11,1928.58
2025-09-03,Google Ads,884.9,21619,904,68,13920.64
2025-09-03,Instagram,729.2,33949,508,10,2024.46
2025-09-03,Facebook,533.27,25812,280,5,831.46
2025-09-03,LinkedIn,430.56,4819,40,1,423.6
2025-09-03,TikTok,237.06,21291,360,2,267.3
2025-09-03,E-mail,87.78,16342,520,24,4991.73
2025-09-04,Google Ads,858.62,23526,979,59,10395.57
2025-09-04,Instagram,785.76,35779,558,10,1816.2
2025-09-04,Facebook,504.55,29246,281,6,831.72
2025-09-04,LinkedIn,359.93,3196,28,0,0.0
2025-09-04,TikTok,427.34,34486,592,5,644.39
2025-09-04,E-mail,95.68,19266,548,28,5489.77
2025-09-05,Google Ads,944.7,25475,1100,15,3633.46
2025-09-05,Instagram,627.05,27813,379,7,1290.27
2025-09-05,Facebook,496.68,25615,286,5,928.87
2025-09-05,LinkedIn,319.58,3093,26,0,0.0
2025-09-05,TikTok,319.01,26315,416,3,349.89
2025-09-05,E-mail,89.28,16853,389,12,2508.65
2025-09-06,Google Ads,1111.92,23030,1137,75,14391.7
2025-09-06,Instagram,865.87,38656,561,10,1980.19
2025-09-06,Facebook,562.58,36645,472,9,2005.58
2025-09-06,LinkedIn,481.05,5337,37,0,0.0
2025-09-06,TikTok,300.98,28536,483,4,512.93
2025-09-06,E-mail,76.91,13843,371,17,3326.93
2025-09-07,Google Ads,785.4,23950,1039,41,9344.33
2025-09-07,Instagram,705.72,33388,400,10,2191.04
2025-09-07,Facebook,405.29,23313,232,7,1337.52
2025-09-07,LinkedIn,416.93,3849,27,0,0.0
2025-09-07,TikTok,280.12,23363,379,4,497.14
2025-09-07,E-mail,91.04,13865,447,20,4028.25
2025-09-08,Google Ads,1059.57,26613,1102,36,6033.63
2025-09-08,Instagram,681.52,30645,373,6,1244.53
2025-09-08,Facebook,565.69,27462,286,6,956.1
2025-09-08,LinkedIn,351.48,3574,32,1,389.11
2025-09-08,TikTok,374.18,31161,438,4,454.26
2025-09-08,E-mail,93.96,18090,515,20,4200.75
2025-09-09,Google Ads,1064.18,24883,1099,54,10465.94
2025-09-09,Instagram,740.53,31304,409,8,1225.58
2025-09-09,Facebook,345.77,20973,210,5,1017.61
2025-09-09,LinkedIn,369.61,4800,42,1,311.56
2025-09-09,TikTok,386.13,32278,543,5,575.65
2025-09-09,E-mail,74.88,13361,383,16,2578.11
2025-09-10,Google Ads,912.31,21338,1066,45,9170.56
2025-09-10,Instagram,927.22,40854,541,13,1922.25
2025-09-10,Facebook,593.81,36268,424,2,331.18
2025-09-10,LinkedIn,323.63,3789,34,1,369.47
2025-09-10,TikTok,428.45,34767,676,7,956.12
2025-09-10,E-mail,74.48,14159,455,26,5027.71
2025-09-11,Google Ads,893.65,24916,1315,79,16819.31
2025-09-11,Instagram,504.99,24814,287,6,1067.5
2025-09-11,Facebook,393.67,22685,314,5,915.1
2025-09-11,LinkedIn,541.34,6189,45,1,440.19
2025-09-11,TikTok,425.28,39742,424,3,387.27
2025-09-11,E-mail,67.82,7120,195,8,1440.16
2025-09-12,Google Ads,765.41,20225,947,42,10029.88
2025-09-12,Instagram,706.06,29296,354,7,1400.29
2025-09-12,Facebook,438.22,25796,286,8,1413.07
2025-09-12,LinkedIn,358.11,4047,35,0,0.0
2025-09-12,TikTok,378.14,31711,415,4,486.88
2025-09-12,E-mail,61.81,9939,344,19,3951.78
2025-09-13,Google Ads,936.35,26108,1188,46,8785.29
2025-09-13,Instagram,636.25,32973,521,8,1447.69
2025-09-13,Facebook,469.8,25695,264,6,1018.07
2025-09-13,LinkedIn,412.97,4444,31,0,0.0
2025-09-13,TikTok,427.32,31522,412,4,577.68
2025-09-13,E-mail,84.32,15008,376,15,2224.11
2025-09-14,Google Ads,880.76,18161,947,62,13203.12
2025-09-14,Instagram,541.18,25523,437,10,2013.3
2025-09-14,Facebook,463.61,23512,256,3,625.47
2025-09-14,LinkedIn,408.38,4671,35,0,0.0
2025-09-14,TikTok,290.98,25094,422,4,479.2
2025-09-14,E-mail,78.2,11795,388,19,3602.27
2025-09-15,Google Ads,823.27,26230,995,34,7081.45
2025-09-15,Instagram,672.91,33943,512,11,2079.07
2025-09-15,Facebook,536.16,36052,408,7,1213.62
2025-09-15,LinkedIn,242.88,2548,23,0,0.0
2025-09-15,TikTok,384.09,35538,665,7,881.23
2025-09-15,E-mail,52.24,9557,304,14,2476.98
2025-09-16,Google Ads,1030.3,26415,1183,58,12727.92
2025-09-16,Instagram,579.39,27817,355,6,1175.61
2025-09-16,Facebook,425.37,25719,286,3,579.59
2025-09-16,LinkedIn,418.62,4580,41,1,428.44
2025-09-16,TikTok,382.41,33050,507,3,398.38
2025-09-16,E-mail,96.55,17029,445,24,4418.88
2025-09-17,Google Ads,617.58,17906,714,48,11236.96
2025-09-17,Instagram,676.08,32142,580,15,2764.31
2025-09-17,Facebook,716.69,40284,474,7,990.71
2025-09-17,LinkedIn,382.73,4044,33,0,0.0
2025-09-17,TikTok,306.4,27088,482,4,469.88
2025-09-17,E-mail,98.52,17854,545,31,5939.04
2025-09-18,Google Ads,816.23,19328,858,49,11720.06
2025-09-18,Instagram,702.47,35803,488,9,1408.38
2025-09-18,Facebook,462.03,22411,305,6,1010.25
2025-09-18,LinkedIn,503.32,4608,36,1,413.95
2025-09-18,TikTok,478.46,43003,795,10,1300.21
2025-09-18,E-mail,74.14,12214,323,14,2658.83
2025-09-19,Google Ads,1128.05,31446,1816,51,9406.55
2025-09-19,Instagram,662.69,34617,478,7,1229.11
2025-09-19,Facebook,410.18,19612,267,4,691.77
2025-09-19,LinkedIn,394.42,4047,29,0,0.0
2025-09-19,TikTok,424.48,38724,528,6,817.08
2025-09-19,E-mail,72.5,12303,394,17,3385.12
2025-09-20,Google Ads,783.5,24727,855,47,10232.0
2025-09-20,Instagram,767.51,32415,517,11,1745.13
2025-09-20,Facebook,417.89,23505,209,5,939.16
2025-09-20,LinkedIn,509.61,6287,48,1,307.53
2025-09-20,TikTok,328.67,32225,464,4,491.16
2025-09-20,E-mail,84.5,15894,388,12,2618.95
2025-09-21,Google Ads,998.96,25606,1388,50,11477.77
2025-09-21,Instagram,692.83,33402,333,6,1159.57
2025-09-21,Facebook,495.25,30967,390,6,1104.05
2025-09-21,LinkedIn,340.44,3602,31,0,0.0
2025-09-21,TikTok,323.47,25390,440,3,355.41
2025-09-21,E-mail,92.49,15582,385,20,3645.49
2025-09-22,Google Ads,710.59,14011,698,28,5148.62
2025-09-22,Instagram,767.14,37679,477,12,2603.86
2025-09-22,Facebook,601.0,37365,426,7,1183.35
2025-09-22,LinkedIn,426.44,3924,28,0,0.0
2025-09-22,TikTok,354.36,27602,485,3,363.1
2025-09-22,E-mail,89.37,16277,441,20,3504.05
2025-09-23,Google Ads,873.36,23313,1119,59,12728.45
2025-09-23,Instagram,586.76,27706,413,10,1670.49
2025-09-23,Facebook,568.67,27431,286,5,742.7
2025-09-23,LinkedIn,382.56,4116,25,0,0.0
2025-09-23,TikTok,457.18,38907,631,6,827.15
2025-09-23,E-mail,91.74,12899,447,25,4718.49
2025-09-24,Google Ads,883.97,16044,614,33,7762.03
2025-09-24,Instagram,776.53,35029,603,15,2593.67
2025-09-24,Facebook,663.66,32828,297,5,785.52
2025-09-24,LinkedIn,378.1,4297,34,1,422.47
2025-09-24,TikTok,228.6,16163,246,2,253.97
2025-09-24,E-mail,96.85,16021,404,15,3337.51
2025-09-25,Google Ads,1106.89,30864,1128,59,12865.4
2025-09-25,Instagram,702.68,30119,403,7,1115.72
2025-09-25,Facebook,602.45,36422,386,8,1413.0
2025-09-25,LinkedIn,540.57,6186,54,1,401.75
2025-09-25,TikTok,422.59,37513,540,5,704.43
2025-09-25,E-mail,54.85,8298,259,7,1095.1
2025-09-26,Google Ads,863.49,23840,1142,75,15879.57
2025-09-26,Instagram,660.87,26112,348,8,1548.39
2025-09-26,Facebook,519.85,30460,386,7,1352.71
2025-09-26,LinkedIn,356.4,3724,28,0,0.0
2025-09-26,TikTok,333.11,22596,387,4,567.36
2025-09-26,E-mail,89.75,16214,527,26,5275.38
2025-09-27,Google Ads,811.48,20927,949,44,7792.73
2025-09-27,Instagram,570.32,26520,411,9,2067.9
2025-09-27,Facebook,431.02,25010,317,7,1267.95
2025-09-27,LinkedIn,464.22,4913,47,1,384.21
2025-09-27,TikTok,366.88,25842,488,5,737.67
2025-09-27,E-mail,78.69,10680,421,19,3248.92
2025-09-28,Google Ads,1054.68,33405,1466,71,15264.93
2025-09-28,Instagram,583.35,24684,419,8,1319.39
2025-09-28,Facebook,466.1,28672,240,5,1059.29
2025-09-28,LinkedIn,521.86,5808,53,2,829.43
2025-09-28,TikTok,398.55,39152,531,5,673.5
2025-09-28,E-mail,81.24,13559,418,20,4225.07
2025-09-29,Google Ads,964.33,24925,1008,45,9696.8
2025-09-29,Instagram,625.86,31139,458,12,2022.02
2025-09-29,Facebook,437.67,27077,302,5,909.39
2025-09-29,LinkedIn,439.69,4047,37,1,491.4
2025-09-29,TikTok,279.99,24072,376,2,277.11
2025-09-29,E-mail,56.91,9208,312,12,2073.95
2025-09-30,Google Ads,1008.05,25865,1107,69,12798.61
2025-09-30,Instagram,651.74,32191,384,11,1937.06
2025-09-30,Facebook,565.59,34162,368,6,1015.62
2025-09-30,LinkedIn,442.76,4200,28,1,389.14
2025-09-30,TikTok,368.59,30094,472,6,773.36
2025-09-30,E-mail,75.72,12279,346,13,2346.64
2025-10-01,Google Ads,1124.53,31698,1367,81,14310.18
2025-10-01,Instagram,844.45,43355,769,20,3757.4
2025-10-01,Facebook,596.84,31082,325,6,1159.63
2025-10-01,LinkedIn,348.65,3316,27,0,0.0
2025-10-01,TikTok,385.2,36492,667,7,901.76
2025-10-01,E-mail,100.83,16830,561,35,7205.45
2025-10-02,Google Ads,765.39,17646,765,43,9431.64
2025-10-02,Instagram,931.74,44194,594,10,2012.48
2025-10-02,Facebook,499.55,23572,259,4,651.06
2025-10-02,LinkedIn,400.37,3832,28,0,0.0
2025-10-02,TikTok,297.08,23561,336,3,397.83
2025-10-02,E-mail,94.34,18689,606,29,5917.93
2025-10-03,Google Ads,962.99,25469,1142,45,10242.78
2025-10-03,Instagram,696.71,36259,563,10,2024.4
2025-10-03,Facebook,307.94,20410,188,4,709.06
2025-10-03,LinkedIn,467.42,4758,28,0,0.0
2025-10-03,TikTok,242.42,20293,282,3,380.4
2025-10-03,E-mail,103.53,16813,530,22,3501.47
2025-10-04,Google Ads,872.36,24686,1191,56,10046.85
2025-10-04,Instagram,767.67,36357,560,11,1646.49
2025-10-04,Facebook,540.03,29974,384,7,1184.59
2025-10-04,LinkedIn,425.04,4206,31,0,0.0
2025-10-04,TikTok,337.97,33627,605,6,901.03
2025-10-04,E-mail,70.1,14593,413,26,5927.71
2025-10-05,Google Ads,663.31,20016,870,38,8398.66
2025-10-05,Instagram,594.17,28363,352,8,1632.29
2025-10-05,Facebook,528.99,28330,331,4,622.96
2025-10-05,LinkedIn,374.18,4248,35,1,418.85
2025-10-05,TikTok,308.62,29545,433,4,514.17
2025-10-05,E-mail,86.76,13583,458,26,5429.71
2025-10-06,Google Ads,921.28,23189,1396,55,12567.82
2025-10-06,Instagram,734.94,33197,475,9,1689.18
2025-10-06,Facebook,523.76,36889,457,10,1797.85
2025-10-06,LinkedIn,510.37,4850,37,0,0.0
2025-10-06,TikTok,394.53,29604,555,4,502.19
2025-10-06,E-mail,81.43,15736,423,20,4094.44
2025-10-07,Google Ads,976.74,27259,1338,59,14481.16
2025-10-07,Instagram,688.33,30524,496,9,1671.89
2025-10-07,Facebook,445.79,31005,435,8,1430.7
2025-10-07,LinkedIn,400.31,4066,33,0,0.0
2025-10-07,TikTok,363.81,30189,501,4,501.26
2025-10-07,E-mail,90.5,15887,556,27,5028.63
2025-10-08,Google Ads,983.26,20750,1169,61,15608.29
2025-10-08,Instagram,608.72,24576,359,8,1488.71
2025-10-08,Facebook,513.94,26758,241,5,740.98
2025-10-08,LinkedIn,317.38,3213,27,1,461.13
2025-10-08,TikTok,425.24,37753,630,9,1015.23
2025-10-08,E-mail,75.04,12087,401,14,2863.07
2025-10-09,Google Ads,978.25,27837,1372,89,18598.03
2025-10-09,Instagram,755.67,31818,393,11,1819.2
2025-10-09,Facebook,548.1,32066,402,5,925.75
2025-10-09,LinkedIn,396.52,3923,30,1,450.71
2025-10-09,TikTok,343.28,25348,353,4,453.56
2025-10-09,E-mail,78.58,16608,525,27,4585.69
2025-10-10,Google Ads,734.31,20861,906,55,11715.32
2025-10-10,Instagram,1073.42,46487,681,12,2404.53
2025-10-10,Facebook,540.54,27443,294,7,1350.85
2025-10-10,LinkedIn,321.14,3256,32,0,0.0
2025-10-10,TikTok,409.16,29895,430,4,587.84
2025-10-10,E-mail,93.44,16849,503,28,5291.99
2025-10-11,Google Ads,991.53,28733,1571,79,16154.33
2025-10-11,Instagram,846.48,44139,585,10,2037.43
2025-10-11,Facebook,384.37,17952,193,3,455.94
2025-10-11,LinkedIn,413.31,4466,33,1,438.05
2025-10-11,TikTok,409.25,29137,384,4,616.45
2025-10-11,E-mail,67.88,11475,293,11,2130.36
2025-10-12,Google Ads,833.5,19070,721,22,4840.18
2025-10-12,Instagram,762.75,36724,458,12,2312.66
2025-10-12,Facebook,500.55,27372,277,5,987.47
2025-10-12,LinkedIn,468.27,4802,40,0,0.0
2025-10-12,TikTok,306.38,27294,592,5,839.98
2025-10-12,E-mail,85.89,13241,359,23,4585.44
2025-10-13,Google Ads,823.57,21231,1004,50,10863.19
2025-10-13,Instagram,886.23,35739,539,11,1881.19
2025-10-13,Facebook,580.41,27532,216,4,670.6
2025-10-13,LinkedIn,318.83,2782,27,0,0.0
2025-10-13,TikTok,465.25,42733,828,6,685.04
2025-10-13,E-mail,87.4,15171,523,15,3050.53
2025-10-14,Google Ads,1033.55,29744,1273,70,13559.78
2025-10-14,Instagram,669.24,27247,346,7,1198.14
2025-10-14,Facebook,443.09,21417,291,5,878.05
2025-10-14,LinkedIn,294.46,3520,28,0,0.0
2025-10-14,TikTok,395.64,23233,334,3,384.91
2025-10-14,E-mail,110.06,17724,594,36,7298.7
2025-10-15,Google Ads,809.03,18555,909,60,13287.91
2025-10-15,Instagram,829.51,47478,731,12,2171.03
2025-10-15,Facebook,602.77,32653,424,8,1405.47
2025-10-15,LinkedIn,378.96,4052,33,0,0.0
2025-10-15,TikTok,285.26,22803,330,3,429.91
2025-10-15,E-mail,86.72,12621,374,12,2246.42
2025-10-16,Google Ads,987.4,28562,1358,85,18313.67
2025-10-16,Instagram,675.48,33385,518,10,1868.22
2025-10-16,Facebook,477.93,21218,245,3,526.74
2025-10-16,LinkedIn,307.88,3007,22,0,0.0
2025-10-16,TikTok,293.56,25354,395,4,467.38
2025-10-16,E-mail,82.53,17151,499,23,3644.13
2025-10-17,Google Ads,784.85,21603,933,52,11384.03
2025-10-17,Instagram,561.61,28119,334,6,1104.78
2025-10-17,Facebook,617.53,30863,345,7,1268.23
2025-10-17,LinkedIn,471.04,4757,42,1,494.93
2025-10-17,TikTok,376.35,31856,480,3,379.16
2025-10-17,E-mail,81.35,13409,431,13,2425.05
2025-10-18,Google Ads,1169.29,33834,1635,88,17804.68
2025-10-18,Instagram,515.82,24518,242,4,719.74
2025-10-18,Facebook,466.46,31541,422,10,1542.69
2025-10-18,LinkedIn,515.28,5759,40,1,460.26
2025-10-18,TikTok,318.56,26919,447,3,379.47
2025-10-18,E-mail,67.69,12262,327,15,2453.81
2025-10-19,Google Ads,746.99,17334,752,39,8488.73
2025-10-19,Instagram,513.92,22965,292,7,1226.28
2025-10-19,Facebook,493.94,25396,337,5,816.02
2025-10-19,LinkedIn,406.46,4170,30,0,0.0
2025-10-19,TikTok,299.63,29162,593,5,558.69
2025-10-19,E-mail,88.86,13356,374,14,2526.87
2025-10-20,Google Ads,852.11,19478,802,48,10046.17
2025-10-20,Instagram,713.16,25180,392,7,1401.62
2025-10-20,Facebook,511.57,26823,235,6,1101.93
2025-10-20,LinkedIn,451.78,5620,46,1,399.9
2025-10-20,TikTok,388.72,30352,456,4,454.1
2025-10-20,E-mail,83.95,13555,309,12,2201.33
2025-10-21,Google Ads,1015.13,27475,1451,80,15869.35
2025-10-21,Instagram,693.87,30441,451,10,1686.86
2025-10-21,Facebook,500.65,29096,281,5,715.81
2025-10-21,LinkedIn,466.33,5167,49,1,467.6
2025-10-21,TikTok,399.13,32654,498,3,337.51
2025-10-21,E-mail,70.99,10345,369,11,2121.12
2025-10-22,Google Ads,958.82,26134,1238,73,14646.4
2025-10-22,Instagram,709.19,31289,506,15,2377.64
2025-10-22,Facebook,347.67,20414,253,7,1277.81
2025-10-22,LinkedIn,483.75,5937,55,1,366.15
2025-10-22,TikTok,349.56,30004,474,4,601.5
2025-10-22,E-mail,70.92,12764,397,14,2373.62
2025-10-23,Google Ads,670.32,18496,826,34,5800.46
2025-10-23,Instagram,745.43,33294,426,7,1229.94
2025-10-23,Facebook,535.25,28754,271,5,938.87
2025-10-23,LinkedIn,402.42,4264,32,0,0.0
2025-10-23,TikTok,262.75,24482,413,4,535.37
2025-10-23,E-mail,84.07,12983,374,15,3565.76
2025-10-24,Google Ads,1037.73,27767,1454,90,16290.81
2025-10-24,Instagram,676.6,30704,461,9,1604.04
2025-10-24,Facebook,465.4,28567,259,4,554.63
2025-10-24,LinkedIn,338.22,3673,30,0,0.0
2025-10-24,TikTok,421.09,34847,574,5,690.75
2025-10-24,E-mail,65.67,12910,440,15,2625.13
2025-10-25,Google Ads,956.87,24329,1166,54,13069.14
2025-10-25,Instagram,700.87,39569,594,9,1958.01
2025-10-25,Facebook,582.4,33585,398,6,835.95
2025-10-25,LinkedIn,397.5,4761,39,1,475.49
2025-10-25,TikTok,351.08,32720,619,6,763.33
2025-10-25,E-mail,81.69,10330,320,16,3083.93
2025-10-26,Google Ads,946.53,24800,848,56,11327.43
2025-10-26,Instagram,635.13,32790,512,11,2132.34
2025-10-26,Facebook,413.38,22779,289,5,765.14
2025-10-26,LinkedIn,404.72,4303,37,0,0.0
2025-10-26,TikTok,398.36,29601,438,2,286.6
2025-10-26,E-mail,84.2,14469,449,11,1884.1
2025-10-27,Google Ads,839.02,20426,889,46,10632.22
2025-10-27,Instagram,544.58,24731,375,6,1059.17
2025-10-27,Facebook,534.99,29755,353,7,1152.89
2025-10-27,LinkedIn,329.64,3555,28,0,0.0
2025-10-27,TikTok,416.57,32422,473,4,432.71
2025-10-27,E-mail,104.05,16563,445,15,2739.43
2025-10-28,Google Ads,806.15,24265,928,32,7090.8
2025-10-28,Instagram,688.74,30608,457,10,1791.57
2025-10-28,Facebook,394.58,18264,184,2,349.15
2025-10-28,LinkedIn,292.08,2937,23,0,0.0
2025-10-28,TikTok,332.86,25886,476,4,593.79
2025-10-28,E-mail,76.1,12662,373,17,3094.39
2025-10-29,Google Ads,912.98,27703,1403,84,15272.83
2025-10-29,Instagram,576.09,26755,409,8,1339.55
2025-10-29,Facebook,604.54,35889,444,8,1289.28
2025-10-29,LinkedIn,456.93,4683,34,0,0.0
2025-10-29,TikTok,395.94,28013,482,4,509.06
2025-10-29,E-mail,78.25,12752,369,15,2687.14
2025-10-30,Google Ads,1078.17,28443,1260,54,10877.39
2025-10-30,Instagram,632.68,30959,394,4,724.2
2025-10-30,Facebook,479.05,25054,305,2,393.59
2025-10-30,LinkedIn,463.28,4570,34,1,442.31
2025-10-30,TikTok,316.72,22126,443,5,660.2
2025-10-30,E-mail,82.11,14535,474,12,2200.0
2025-10-31,Google Ads,838.6,21712,1067,34,6176.71
2025-10-31,Instagram,628.42,29005,446,13,2272.99
2025-10-31,Facebook,562.29,33456,391,7,1142.46
2025-10-31,LinkedIn,336.08,3137,26,0,0.0
2025-10-31,TikTok,384.9,31432,447,4,562.67
2025-10-31,E-mail,67.72,11522,343,13,2397.54
2025-11-01,Google Ads,928.56,24703,929,56,11651.84
2025-11-01,Instagram,863.95,43827,537,10,1470.74
2025-11-01,Facebook,807.59,53268,468,7,1198.31
2025-11-01,LinkedIn,498.23,5228,41,1,379.64
2025-11-01,TikTok,486.15,35991,547,3,374.22
2025-11-01,E-mail,98.72,18006,536,24,4549.76
2025-11-02,Google Ads,826.97,17416,753,39,7997.65
2025-11-02,Instagram,822.52,36488,490,12,2316.17
2025-11-02,Facebook,618.97,34215,388,8,1584.75
2025-11-02,LinkedIn,537.72,6321,43,1,330.3
2025-11-02,TikTok,483.22,42876,475,4,551.42
2025-11-02,E-mail,116.87,17148,562,25,5030.74
2025-11-03,Google Ads,1192.06,32565,1660,79,17061.33
2025-11-03,Instagram,1122.15,50327,609,15,3087.42
2025-11-03,Facebook,805.49,47948,379,6,960.37
2025-11-03,LinkedIn,543.63,6688,46,2,807.88
2025-11-03,TikTok,418.15,37790,671,7,839.98
2025-11-03,E-mail,116.13,17354,470,20,3488.41
2025-11-04,Google Ads,1406.86,34882,1528,62,14370.97
2025-11-04,Instagram,850.58,43077,680,13,2346.94
2025-11-04,Facebook,627.04,36736,394,7,1195.5
2025-11-04,LinkedIn,411.84,4302,37,1,459.97
2025-11-04,TikTok,445.76,35440,491,4,622.23
2025-11-04,E-mail,112.46,17646,465,14,2439.12
2025-11-05,Google Ads,1353.36,34093,1357,56,12523.79
2025-11-05,Instagram,933.48,39769,536,16,3231.25
2025-11-05,Facebook,823.7,37743,407,7,1254.72
2025-11-05,LinkedIn,625.84,6802,48,1,446.06
2025-11-05,TikTok,523.54,44242,718,7,934.49
2025-11-05,E-mail,119.6,21189,637,28,5273.56
2025-11-06,Google Ads,1072.78,25992,1246,53,12035.91
2025-11-06,Instagram,937.72,46117,694,17,2914.23
2025-11-06,Facebook,716.4,42736,382,10,2085.21
2025-11-06,LinkedIn,616.73,7015,60,1,415.37
2025-11-06,TikTok,540.85,40684,568,5,692.66
2025-11-06,E-mail,93.97,15308,453,16,2298.31
2025-11-07,Google Ads,1027.92,27756,1321,72,16041.67
2025-11-07,Instagram,856.21,35647,521,10,1963.27
2025-11-07,Facebook,713.61,44734,464,11,2250.48
2025-11-07,LinkedIn,544.35,6016,42,1,467.42
2025-11-07,TikTok,437.46,38591,638,6,843.34
2025-11-07,E-mail,116.41,19131,631,34,6101.99
2025-11-08,Google Ads,1214.67,26311,1266,78,15958.55
2025-11-08,Instagram,963.91,42849,572,13,2156.49
2025-11-08,Facebook,651.18,32904,387,8,1301.35
2025-11-08,LinkedIn,543.0,5589,50,1,446.67
2025-11-08,TikTok,422.52,38076,685,8,1192.99
2025-11-08,E-mail,112.74,21115,756,26,4642.0
2025-11-09,Google Ads,942.41,27431,1010,32,5982.55
2025-11-09,Instagram,698.59,32618,397,5,896.23
2025-11-09,Facebook,676.73,30566,307,6,983.6
2025-11-09,LinkedIn,513.31,6040,60,1,364.48
2025-11-09,TikTok,455.87,38727,615,6,952.53
2025-11-09,E-mail,80.25,12696,451,18,3690.01
2025-11-10,Google Ads,1329.98,39328,2176,116,20107.16
2025-11-10,Instagram,845.72,46845,544,13,1751.6
2025-11-10,Facebook,538.19,32551,359,6,936.94
2025-11-10,LinkedIn,378.28,4258,32,0,0.0
2025-11-10,TikTok,513.7,41948,680,6,724.87
2025-11-10,E-mail,108.88,19480,656,34,6023.89
2025-11-11,Google Ads,1330.95,36655,1509,68,15250.6
2025-11-11,Instagram,1140.18,42437,711,19,3488.1
2025-11-11,Facebook,650.63,37557,381,7,1014.47
2025-11-11,LinkedIn,398.94,5178,41,1,418.71
2025-11-11,TikTok,413.83,33427,540,5,601.11
2025-11-11,E-mail,115.77,19658,617,31,5789.56
2025-11-12,Google Ads,1184.22,35783,1427,44,9753.32
2025-11-12,Instagram,855.79,34708,537,11,1729.81
2025-11-12,Facebook,870.91,40590,441,5,873.01
2025-11-12,LinkedIn,488.07,5558,44,1,401.95
2025-11-12,TikTok,358.78,30608,474,3,348.84
2025-11-12,E-mail,96.06,18499,602,25,4973.66
2025-11-13,Google Ads,843.31,20938,987,51,10132.35
2025-11-13,Instagram,939.57,44151,617,15,2786.05
2025-11-13,Facebook,726.76,47294,571,15,2378.66
2025-11-13,LinkedIn,411.01,4265,33,1,372.54
2025-11-13,TikTok,466.91,40485,655,6,807.97
2025-11-13,E-mail,125.48,24125,726,27,5917.22
2025-11-14,Google Ads,1018.6,31604,1651,107,24010.07
2025-11-14,Instagram,645.55,26294,381,7,1220.27
2025-11-14,Facebook,737.05,40251,377,8,1430.03
2025-11-14,LinkedIn,519.83,5861,47,1,426.35
2025-11-14,TikTok,566.33,38351,647,5,594.16
2025-11-14,E-mail,126.77,23006,524,26,5233.51
2025-11-15,Google Ads,1083.22,26124,951,44,9076.0
2025-11-15,Instagram,1057.97,49385,603,13,2280.55
2025-11-15,Facebook,580.35,27116,320,6,1076.79
2025-11-15,LinkedIn,481.01,5149,34,0,0.0
2025-11-15,TikTok,491.09,34258,478,4,569.84
2025-11-15,E-mail,94.83,16026,494,21,4096.94
2025-11-16,Google Ads,969.89,23849,1257,81,18443.81
2025-11-16,Instagram,1100.98,40906,507,10,2234.82
2025-11-16,Facebook,643.3,38401,441,9,1526.4
2025-11-16,LinkedIn,442.8,3402,31,0,0.0
2025-11-16,TikTok,503.54,43719,763,9,1062.48
2025-11-16,E-mail,93.83,15139,498,13,2501.67
2025-11-17,Google Ads,1384.88,39690,1937,117,17820.17
2025-11-17,Instagram,1173.71,55113,895,15,2226.47
2025-11-17,Facebook,855.87,43142,456,10,1831.39
2025-11-17,LinkedIn,627.35,6751,47,1,450.35
2025-11-17,TikTok,343.86,32720,367,4,487.03
2025-11-17,E-mail,119.43,20920,624,30,5650.72
2025-11-18,Google Ads,1345.12,43133,1628,29,5836.85
2025-11-18,Instagram,876.39,38331,476,12,1861.63
2025-11-18,Facebook,720.64,42591,486,10,1861.38
2025-11-18,LinkedIn,544.34,5531,46,1,457.37
2025-11-18,TikTok,351.13,28724,400,4,557.79
2025-11-18,E-mail,103.55,16000,514,22,4776.26
2025-11-19,Google Ads,1538.12,44527,2059,140,30107.72
2025-11-19,Instagram,877.07,37174,476,10,1883.36
2025-11-19,Facebook,531.72,28213,318,7,1186.92
2025-11-19,LinkedIn,559.81,5162,36,1,441.44
2025-11-19,TikTok,488.89,37282,579,7,959.53
2025-11-19,E-mail,105.37,15759,432,19,3709.62
2025-11-20,Google Ads,1318.07,36031,1549,69,17456.09
2025-11-20,Instagram,866.12,34283,385,7,1378.44
2025-11-20,Facebook,616.69,39322,432,10,1571.19
2025-11-20,LinkedIn,479.88,5097,43,1,432.28
2025-11-20,TikTok,514.21,36763,564,5,619.44
2025-11-20,E-mail,114.59,18134,413,17,2886.2
2025-11-21,Google Ads,1305.46,37122,1234,52,11305.88
2025-11-21,Instagram,745.29,36528,575,12,1992.84
2025-11-21,Facebook,441.06,26497,361,9,1500.17
2025-11-21,LinkedIn,451.49,5150,40,1,432.72
2025-11-21,TikTok,479.09,44030,794,7,826.0
2025-11-21,E-mail,67.51,10862,283,13,2387.04
2025-11-22,Google Ads,1173.55,33390,1574,76,18651.54
2025-11-22,Instagram,1049.63,45726,611,15,2754.77
2025-11-22,Facebook,561.48,33984,430,10,1962.27
2025-11-22,LinkedIn,707.61,8737,72,2,686.31
2025-11-22,TikTok,473.27,41486,667,4,505.1
2025-11-22,E-mail,118.45,17716,542,26,5492.28
2025-11-23,Google Ads,1527.12,38669,1778,92,20574.59
2025-11-23,Instagram,1021.18,53031,534,12,2265.28
2025-11-23,Facebook,651.18,27986,305,5,992.63
2025-11-23,LinkedIn,570.4,5526,33,1,449.24
2025-11-23,TikTok,457.21,40400,619,7,1000.33
2025-11-23,E-mail,81.45,11680,435,23,3818.34
2025-11-24,Google Ads,928.8,24949,968,45,9405.32
2025-11-24,Instagram,932.18,47145,805,16,2554.37
2025-11-24,Facebook,714.37,46162,483,11,1713.46
2025-11-24,LinkedIn,541.72,5039,40,1,445.54
2025-11-24,TikTok,598.52,47936,582,5,669.46
2025-11-24,E-mail,111.27,18253,645,29,5452.26
2025-11-25,Google Ads,1073.26,23310,1090,57,10701.98
2025-11-25,Instagram,938.71,42054,544,10,1872.91
2025-11-25,Facebook,652.14,34088,336,6,1114.3
2025-11-25,LinkedIn,556.74,5721,47,1,440.6
2025-11-25,TikTok,490.94,43524,683,7,865.51
2025-11-25,E-mail,82.88,14287,446,18,3774.25
2025-11-26,Google Ads,1083.49,23462,967,33,7164.26
2025-11-26,Instagram,838.39,41861,653,11,1819.99
2025-11-26,Facebook,729.11,44475,371,7,928.49
2025-11-26,LinkedIn,495.57,5787,63,1,367.62
2025-11-26,TikTok,436.11,36582,538,4,497.8
2025-11-26,E-mail,114.41,18745,502,19,3460.6
2025-11-27,Google Ads,1032.85,25258,1224,58,10044.25
2025-11-27,Instagram,1090.29,51623,602,12,1988.91
2025-11-27,Facebook,743.54,39772,433,8,1158.7
2025-11-27,LinkedIn,653.84,7338,53,1,460.91
2025-11-27,TikTok,476.45,45885,991,9,1101.84
2025-11-27,E-mail,91.97,11935,411,17,3512.74
2025-11-28,Google Ads,1411.18,33122,1324,89,18559.05
2025-11-28,Instagram,851.4,34655,476,13,2500.39
2025-11-28,Facebook,693.4,44641,573,12,2606.33
2025-11-28,LinkedIn,519.96,6074,46,1,409.57
2025-11-28,TikTok,505.2,52162,929,10,1199.29
2025-11-28,E-mail,111.05,16642,552,29,5411.02
2025-11-29,Google Ads,1518.18,46036,2108,117,23124.16
2025-11-29,Instagram,906.42,36759,485,10,1501.13
2025-11-29,Facebook,733.4,44909,493,4,662.8
2025-11-29,LinkedIn,427.14,4222,39,0,0.0
2025-11-29,TikTok,531.3,41166,597,8,1079.35
2025-11-29,E-mail,123.14,21537,658,37,8369.46
2025-11-30,Google Ads,908.18,23815,1066,48,11068.91
2025-11-30,Instagram,981.41,53199,843,23,3643.55
2025-11-30,Facebook,593.38,30580,389,6,924.33
2025-11-30,LinkedIn,449.17,6029,47,1,372.09
2025-11-30,TikTok,540.49,37051,523,4,531.38
2025-11-30,E-mail,95.15,18275,581,22,4597.0
2025-12-01,Google Ads,1143.32,28310,1410,35,7890.09
2025-12-01,Instagram,843.92,35618,615,12,2366.48
2025-12-01,Facebook,703.27,40567,432,8,1567.81
2025-12-01,LinkedIn,615.37,6153,43,1,461.22
2025-12-01,TikTok,556.04,48908,630,7,1028.63
2025-12-01,E-mail,110.81,22125,558,28,4777.24
2025-12-02,Google Ads,1407.92,39321,2151,118,23778.87
2025-12-02,Instagram,875.39,38795,509,14,2841.46
2025-12-02,Facebook,523.47,29193,323,5,887.25
2025-12-02,LinkedIn,658.33,7547,70,1,421.53
2025-12-02,TikTok,418.23,35687,593,7,1029.53
2025-12-02,E-mail,119.16,18151,456,22,4807.22
2025-12-03,Google Ads,1210.48,26989,1518,83,17728.3
2025-12-03,Instagram,779.44,35486,537,13,2180.91
2025-12-03,Facebook,669.22,34888,460,10,1610.86
2025-12-03,LinkedIn,445.35,4818,36,0,0.0
2025-12-03,TikTok,400.82,33944,525,7,964.08
2025-12-03,E-mail,89.34,12603,396,16,3444.77
2025-12-04,Google Ads,1266.37,26718,1055,45,9867.72
2025-12-04,Instagram,795.77,36724,431,9,1679.94
2025-12-04,Facebook,822.98,46843,464,12,2002.63
2025-12-04,LinkedIn,602.66,5954,48,1,433.53
2025-12-04,TikTok,529.47,41939,626,6,715.65
2025-12-04,E-mail,83.41,14392,426,18,3598.21
2025-12-05,Google Ads,1335.42,34576,1346,58,12892.49
2025-12-05,Instagram,964.34,41423,525,12,2112.12
2025-12-05,Facebook,751.21,45403,480,11,1895.88
2025-12-05,LinkedIn,561.69,4618,32,0,0.0
2025-12-05,TikTok,480.6,40672,673,5,694.94
2025-12-05,E-mail,137.31,22076,609,23,4407.35
2025-12-06,Google Ads,1119.18,24355,904,54,12793.55
2025-12-06,Instagram,1171.78,54468,671,13,1991.02
2025-12-06,Facebook,520.1,29631,347,9,1517.29
2025-12-06,LinkedIn,430.02,4471,34,0,0.0
2025-12-06,TikTok,386.42,32622,562,7,938.24
2025-12-06,E-mail,124.9,19892,574,32,5246.08
2025-12-07,Google Ads,1141.53,33430,1466,69,14105.53
2025-12-07,Instagram,961.61,48456,753,16,3194.61
2025-12-07,Facebook,709.61,42809,412,11,1911.18
2025-12-07,LinkedIn,317.39,3895,31,0,0.0
2025-12-07,TikTok,503.65,38242,569,5,631.0
2025-12-07,E-mail,99.65,18025,558,27,5443.24
2025-12-08,Google Ads,1198.03,28310,1549,91,22192.11
2025-12-08,Instagram,1091.65,47335,475,7,1340.2
2025-12-08,Facebook,664.7,35377,272,5,758.05
2025-12-08,LinkedIn,481.33,5497,38,0,0.0
2025-12-08,TikTok,534.33,42734,804,5,555.49
2025-12-08,E-mail,83.06,11556,360,13,2121.68
2025-12-09,Google Ads,1284.22,36579,1853,108,20597.74
2025-12-09,Instagram,984.14,46956,619,14,2204.59
2025-12-09,Facebook,611.46,35232,457,11,1993.58
2025-12-09,LinkedIn,546.46,5708,37,0,0.0
2025-12-09,TikTok,513.24,46811,815,10,1309.39
2025-12-09,E-mail,92.08,15269,418,21,3846.72
2025-12-10,Google Ads,1197.04,33686,1381,82,14899.44
2025-12-10,Instagram,988.45,44521,685,10,1524.46
2025-12-10,Facebook,750.94,40088,436,7,1298.62
2025-12-10,LinkedIn,564.24,6082,41,1,378.33
2025-12-10,TikTok,425.83,30640,481,5,664.74
2025-12-10,E-mail,100.84,16990,516,23,4447.5
2025-12-11,Google Ads,1025.46,27273,968,54,10089.48
2025-12-11,Instagram,1111.92,38183,641,9,1425.61
2025-12-11,Facebook,705.28,41606,442,10,1564.59
2025-12-11,LinkedIn,507.62,5182,38,0,0.0
2025-12-11,TikTok,464.35,42867,580,5,728.23
2025-12-11,E-mail,112.75,19824,627,30,6738.0
2025-12-12,Google Ads,1231.68,29134,1411,62,12876.86
2025-12-12,Instagram,997.47,41615,546,13,2211.62
2025-12-12,Facebook,773.56,38737,375,10,1439.86
2025-12-12,LinkedIn,537.84,6709,53,2,894.81
2025-12-12,TikTok,471.99,38818,463,4,532.08
2025-12-12,E-mail,111.75,23218,720,36,7636.83
2025-12-13,Google Ads,1313.51,34268,1527,70,15352.99
2025-12-13,Instagram,920.86,44472,547,12,2495.25
2025-12-13,Facebook,652.26,42914,481,9,1547.84
2025-12-13,LinkedIn,514.77,4345,38,1,440.18
2025-12-13,TikTok,510.87,41794,761,7,934.32
2025-12-13,E-mail,82.64,13044,408,21,4363.04
2025-12-14,Google Ads,927.19,20794,1001,42,9609.03
2025-12-14,Instagram,713.92,32131,447,10,1614.39
2025-12-14,Facebook,475.87,26889,314,7,1147.33
2025-12-14,LinkedIn,602.83,6653,61,1,347.34
2025-12-14,TikTok,467.7,39320,668,4,503.77
2025-12-14,E-mail,122.06,20132,581,36,6108.12
2025-12-15,Google Ads,1439.74,41757,1828,90,18831.09
2025-12-15,Instagram,970.79,41503,551,11,1915.99
2025-12-15,Facebook,643.54,27740,308,5,691.32
2025-12-15,LinkedIn,511.65,5180,47,1,448.05
2025-12-15,TikTok,570.51,44556,708,9,1196.79
2025-12-15,E-mail,114.05,18234,592,26,4034.94
2025-12-16,Google Ads,1150.26,26688,1217,49,10781.99
2025-12-16,Instagram,951.35,37846,498,12,2407.97
2025-12-16,Facebook,583.63,28865,391,7,1200.88
2025-12-16,LinkedIn,480.11,5162,49,1,464.73
2025-12-16,TikTok,474.55,35489,521,4,531.32
2025-12-16,E-mail,127.83,21647,625,23,4525.33
2025-12-17,Google Ads,989.35,23082,1150,54,11002.69
2025-12-17,Instagram,921.03,44904,641,12,2007.27
2025-12-17,Facebook,655.25,37502,410,8,1366.29
2025-12-17,LinkedIn,537.07,5212,47,1,425.43
2025-12-17,TikTok,326.47,26620,369,2,322.98
2025-12-17,E-mail,112.04,20963,693,37,6890.05
2025-12-18,Google Ads,1507.77,43037,1946,102,21127.12
2025-12-18,Instagram,952.4,43102,631,18,2849.51
2025-12-18,Facebook,790.66,42308,536,10,1770.17
2025-12-18,LinkedIn,527.13,4588,44,1,423.52
2025-12-18,TikTok,397.91,28725,448,3,344.42
2025-12-18,E-mail,107.43,15251,464,20,2857.45
2025-12-19,Google Ads,1119.66,30844,1210,66,14459.69
2025-12-19,Instagram,800.74,36352,559,10,1762.95
2025-12-19,Facebook,791.46,40199,466,7,1170.85
2025-12-19,LinkedIn,576.18,4606,34,1,429.49
2025-12-19,TikTok,435.48,32281,555,5,685.45
2025-12-19,E-mail,114.16,18175,615,24,5102.85
2025-12-20,Google Ads,1455.81,42333,1863,140,29846.42
2025-12-20,Instagram,979.17,44409,537,14,2375.75
2025-12-20,Facebook,768.11,47620,561,9,1477.82
2025-12-20,LinkedIn,323.16,3362,29,0,0.0
2025-12-20,TikTok,451.4,42188,670,9,1103.22
2025-12-20,E-mail,111.52,17780,666,31,7143.44
2025-12-21,Google Ads,1138.43,34535,1576,91,16779.13
2025-12-21,Instagram,994.39,40367,582,8,1426.45
2025-12-21,Facebook,785.93,46053,431,5,892.24
2025-12-21,LinkedIn,668.08,6354,63,1,337.73
2025-12-21,TikTok,361.87,32477,527,6,686.55
2025-12-21,E-mail,109.92,18332,540,22,4028.39
2025-12-22,Google Ads,1246.83,33804,1567,97,17923.0
2025-12-22,Instagram,688.19,34462,427,8,1351.86
2025-12-22,Facebook,610.86,28987,297,6,1019.6
2025-12-22,LinkedIn,580.87,5811,51,1,331.44
2025-12-22,TikTok,494.94,44410,662,8,951.53
2025-12-22,E-mail,118.87,23267,701,30,5639.77
2025-12-23,Google Ads,1511.76,41385,2341,123,24141.24
2025-12-23,Instagram,862.29,39436,416,8,1374.8
2025-12-23,Facebook,699.28,46392,513,6,926.78
2025-12-23,LinkedIn,561.25,5962,57,2,918.13
2025-12-23,TikTok,457.11,42279,603,7,884.3
2025-12-23,E-mail,84.54,14926,522,21,4613.54
2025-12-24,Google Ads,913.2,21155,935,43,8427.58
2025-12-24,Instagram,963.95,41499,555,12,2015.81
2025-12-24,Facebook,664.27,34521,324,7,1393.23
2025-12-24,LinkedIn,626.23,6810,50,1,464.39
2025-12-24,TikTok,310.8,24959,434,3,406.51
2025-12-24,E-mail,114.11,16252,492,19,3760.21
2025-12-25,Google Ads,1337.07,36589,1660,87,16121.33
2025-12-25,Instagram,940.64,39350,619,15,2883.71
2025-12-25,Facebook,848.49,45582,468,8,1142.1
2025-12-25,LinkedIn,416.59,4657,31,0,0.0
2025-12-25,TikTok,443.28,40211,648,5,713.16
2025-12-25,E-mail,119.81,17150,530,20,3518.25
2025-12-26,Google Ads,1555.72,41448,1816,92,21009.03
2025-12-26,Instagram,845.55,36393,549,8,1582.67
2025-12-26,Facebook,512.48,27771,246,3,576.18
2025-12-26,LinkedIn,624.6,7331,48,1,434.27
2025-12-26,TikTok,523.2,40113,597,4,606.23
2025-12-26,E-mail,100.31,16769,508,27,4641.38
2025-12-27,Google Ads,1427.92,32771,1681,55,11429.24
2025-12-27,Instagram,1175.41,57152,840,14,2334.83
2025-12-27,Facebook,811.12,47190,574,11,1817.32
2025-12-27,LinkedIn,602.1,6502,50,1,460.06
2025-12-27,TikTok,503.69,39429,720,7,933.97
2025-12-27,E-mail,122.32,21749,675,29,6603.0
2025-12-28,Google Ads,1081.26,30576,1362,74,17456.74
2025-12-28,Instagram,900.83,43411,627,12,2431.75
2025-12-28,Facebook,747.01,39697,494,8,1356.06
2025-12-28,LinkedIn,505.23,5717,43,1,444.97
2025-12-28,TikTok,445.9,43957,640,4,564.52
2025-12-28,E-mail,73.18,14016,425,13,2235.73
2025-12-29,Google Ads,917.19,25060,948,52,10587.13
2025-12-29,Instagram,877.62,41923,630,17,2866.06
2025-12-29,Facebook,671.98,34960,392,6,976.74
2025-12-29,LinkedIn,506.06,5483,43,1,415.51
2025-12-29,TikTok,431.41,36638,521,5,631.44
2025-12-29,E-mail,111.31,18960,678,32,6124.52
2025-12-30,Google Ads,1088.82,30952,1347,46,9471.54
2025-12-30,Instagram,972.14,40571,559,12,2147.92
2025-12-30,Facebook,800.01,38615,528,10,1798.64
2025-12-30,LinkedIn,550.35,4793,33,0,0.0
2025-12-30,TikTok,374.39,28529,465,5,678.78
2025-12-30,E-mail,92.06,12891,411,23,4219.1
2025-12-31,Google Ads,1006.38,25345,1194,56,13414.86
2025-12-31,Instagram,1076.11,49815,533,10,1701.36
2025-12-31,Facebook,599.41,33935,382,5,918.39
2025-12-31,LinkedIn,541.31,5901,51,1,472.87
2025-12-31,TikTok,462.45,44366,633,8,945.99
2025-12-31,E-mail,149.29,22513,761,31,6311.15
